ENTITYA,TYPEA,IDA,DATABASEA,ENTITYB,TYPEB,IDB,DATABASEB,EFFECT,MECHANISM,RESIDUE,SEQUENCE,TAX_ID,CELL_DATA,TISSUE_DATA,MODULATOR_COMPLEX,TARGET_COMPLEX,MODIFICATIONA,MODASEQ,MODIFICATIONB,MODBSEQ,PMID,DIRECT,NOTES,ANNOTATOR,SENTENCE,SIGNOR_ID,source_release
Apoptosis,phenotype,SIGNOR-PH2,SIGNOR,LZTR1,protein,Q8N653,UNIPROT,down-regulates,,,,9606,BTO:0000567,,,,,,,,16356934,f,,,"Induction of Apoptosis by Staurosporine, TNFα, and TRAIL Induces Degradation of LZTR-1 by Caspase- and Proteasome-dependent Pathways",SIGNOR-253613,Oct2018_release
ERK1/2,proteinfamily,SIGNOR-PF1,SIGNOR,Inflammation,phenotype,SIGNOR-PH12,SIGNOR,up-regulates,,,,9606,,,,,,,,,10706854,f,,,We conclude that eotaxin induces a rapid concentration-dependent activation of ERK2 and p38 in eosinophils and that the activation of these MAP kinases is required for eotaxin-stimulated degranulation and directed locomotion,SIGNOR-254359,Oct2018_release
IRF3,protein,Q14653,UNIPROT,Inflammation,phenotype,SIGNOR-PH12,SIGNOR,up-regulates,,,,9606,BTO:0000007,,,,,,,,16699525,f,,lperfetto,"Similarly, exogenous expression of wild-type Pin1 suppressed TLR3-mediated, IRF3-dependent activation of the IFN-beta promoter and reduced IFN-beta secretion in culture supernatants",SIGNOR-252258,Oct2018_release
CRTC2,protein,Q53ET0,UNIPROT,AKT1,protein,P31749,UNIPROT,up-regulates,phosphorylation,Ser473,RPHFPQFsYSASGTA,9606,,,,,,,,,21798082,t,,gcesareni,"Positive feedback involves mtorc2, which phosphorylates akt at serine 473, a phosphorylation required for maximum activation of akt in addition to phosphorylation at threonine 308 by pdk1.",SIGNOR-175304,Oct2018_release
PRKACA,protein,P17612,UNIPROT,AKT2,protein,P31751,UNIPROT,up-regulates,,,,9606,BTO:0000222;BTO:0002314,BTO:0000887,,,,,,,17688959,f,,gcesareni,"Taken together, we suggest that shh acts in an autocrinic manner in adult myoblasts, and provide first evidence of a role for pi3k/akt in shh signaling during myoblast differentiation.",SIGNOR-157288,Oct2018_release
TP53,protein,P04637,UNIPROT,BCL2L1,protein,Q07817,UNIPROT,down-regulates activity,binding,,,9606,BTO:0002552,,,,,,,,16455050,t,,lperfetto,"It has been shown that tp53 can directly bind bcl2, and consequently inhibit their anti-apoptotic activities. From our co-expression study we demonstrated that the tp53ntd binds to bcl2l1.",SIGNOR-144163,Oct2018_release
JAK1/STAT1/STAT3,complex,SIGNOR-C120,SIGNOR,STAT1/STAT3,complex,SIGNOR-C118,SIGNOR,up-regulates activity,,,,10090,BTO:0000667,,,,,,,,15284024,f,,lperfetto,"Stimulation of EGFR induces Tyr701 phosphorylation of STAT1 and initiates complex formation of STAT1 and STAT3 with JAK1 and JAK2. Thereafter, the STATs translocate to the nucleus within 15 min.",SIGNOR-235667,Oct2018_release
DAB2IP,protein,Q5VWQ8,UNIPROT,Apoptosis,phenotype,SIGNOR-PH2,SIGNOR,up-regulates,,,,9606,,,,,,,,,27858941,f,,miannu,"DAB2IP inactivation promotes tumor growth and survival, development, and proliferation of CSC, and resistance to chemo- and radiotherapy. It induces EMT, increases cell migration and invasion, and counteracts pro-apoptotic signaling.",SIGNOR-254777,Oct2018_release
PI3K,complex,SIGNOR-C156,SIGNOR,PI3K,complex,SIGNOR-C156,SIGNOR,up-regulates activity,binding,,,9534,BTO:0004055,,,,,,,,14665640,t,,lperfetto,"Signal transduction pathways triggered by Tie2 have been extensively examined. Tyr-1101of Tie2 directly associates in a phosphotyrosine (pTyr)-dependent manner with the p85 regulatory subunit of phosphatidylinositol (PI) 3-kinase, which in turn activate PI 3-kinase, leading to cell motility and survival",SIGNOR-252718,Oct2018_release
SMAD9,protein,O15198,UNIPROT,Differentiation,phenotype,SIGNOR-PH37,SIGNOR,up-regulates,,,,10090,BTO:0002729,,,,,,,,23993924,f,,flangone,Engagement of BMP4-mediated signaling in adult mouse ovary-derived OSCs cultured in vitro drives differentiation of these cells into IVD oocytes through Smad1/5/8 activation and transcriptional up-regulation of key meiosis-initiating genes.,SIGNOR-255258,Oct2018_release
NF1,protein,P21359,UNIPROT,ADCY1,protein,Q08828,UNIPROT,up-regulates,,,,9606.0,BTO:0000938,,,,,,,,24431436,f,,miannu,"Nf1encodes neurofibromin, a protein with multiple functions including ras inactivation (ras gtpase-activating protein or rasgap) and adenylyl cyclase (ac) activation",SIGNOR-203872,Oct2019_release
GNAO1,protein,P09471,UNIPROT,ADCY1,protein,Q08828,UNIPROT,down-regulates,binding,,,9606.0,,,,,,,,,17419683,t,,gcesareni,"Members of the gi family are linked with reductions in camp through adenylyl cyclase, but have many other actions as well",SIGNOR-153467,Oct2019_release
CSK,protein,P41240,UNIPROT,GSN,protein,P06396,UNIPROT,unknown,phosphorylation,Tyr465,VPVDPATyGQFYGGD,-1.0,,,,,,,,,10210201,t,,llicata,"Gelsolin phosphorylation by c-Src in the presence of lysophosphatidic acid also revealed Tyr438 as the most prominent site. Additional minor sites were found using the anti-phosphotyrosine bead immunoprecipitation method followed by MALDI-MS and PSD analysis. These sites, representing approximately 5% of the total phosphate incorporation, were identified as Tyr59, Tyr382, Tyr576, and Tyr624.",SIGNOR-250781,Oct2019_release
GSN,protein,P06396,UNIPROT,Membrane_blebbing,phenotype,SIGNOR-PH24,SIGNOR,up-regulates,,,,9606.0,BTO:0000130,,,,,,,,9323209,f,Cleaved by CASP3,amattioni,"Expression of the gelsolin cleavage product in multiple cell types caused the cells to round up, detach from the plate, and undergo nuclear fragmentation.",SIGNOR-51658,Oct2019_release
GNAT1,protein,P11488,UNIPROT,ADCY1,protein,Q08828,UNIPROT,down-regulates,binding,,,9606.0,,,,,,,,,17419683,t,,gcesareni,"Members of the gi family are linked with reductions in camp through adenylyl cyclase, but have many other actions as well",SIGNOR-153923,Oct2019_release
MCM2,protein,P49736,UNIPROT,ATR,protein,Q13535,UNIPROT,up-regulates,,,,9606.0,,,,,,,,,21070963,f,,gcesareni,Additional activation of mec1 could be mediated by replication intermediates derived from type (ii) ddk driven initiation or checkpoint signaling.,SIGNOR-169509,Oct2019_release
all-trans-retinoic acid,smallmolecule,CHEBI:15367,ChEBI,RXRA,protein,P19793,UNIPROT,up-regulates activity,binding,,,9606.0,,,,,,,,,17132853,t,,miannu,"The physiological effects of retinoic acids (RAs) are mediated by members of two families of nuclear receptors, the retinoic acid receptors (RARs) and the retinoid X receptors (RXRs), which are encoded by three distinct human genes, RXRalpha, RXRbeta, and RXRgamma.",SIGNOR-256192,Oct2019_release
GNAO1,protein,P09471,UNIPROT,ADCY1,protein,Q08828,UNIPROT,down-regulates,binding,,,9606.0,,,,,,,,,8327893,t,,gcesareni,"Members of the gi family are linked with reductions in camp through adenylyl cyclase, but have many other actions as well",SIGNOR-38079,Oct2019_release
RIPK1,protein,Q13546,UNIPROT,Cell_death,phenotype,SIGNOR-PH109,SIGNOR,up-regulates,,,,9606.0,,,,,,,,,14965271,f,,amattioni,Fas-induced necrosis requires rip,SIGNOR-256661,Oct2019_release
GNAT1,protein,P11488,UNIPROT,ADCY1,protein,Q08828,UNIPROT,down-regulates,binding,,,9606.0,,,,,,,,,8327893,t,,gcesareni,"Members of the gi family are linked with reductions in camp through adenylyl cyclase, but have many other actions as well",SIGNOR-38137,Oct2019_release
CBFbeta-MYH11,fusion protein,SIGNOR-FP3,SIGNOR,Proliferation,phenotype,SIGNOR-PH4,SIGNOR,down-regulates,,,,10090.0,BTO:0002883;BTO:0001516,,,,,,,,9315100,f,,irozzo,These findings indicate that CBFb-SMMHC inhibits the G1 to S cell cycle transition at or prior to the restriction point via inhibition of CBF DNA binding in both myeloid and lymphoid cells.CBFb-SMMHC inhibits the G1 to S cell cycle transition in 32D cl3 and Ba/F3 cells.,SIGNOR-255735,Oct2019_release
ULK1/Atg13/Fip200,complex,SIGNOR-C100,SIGNOR,Cell_growth,phenotype,SIGNOR-PH33,SIGNOR,up-regulates,,,,9606.0,,,,,,,,,23863160,f,,lperfetto,Cellular energy and nutrient status will dictate whether mTORC1 takes over and drives cell growth or conversely whether AMPK becomes active once again to drive consecutive waves of autophagy thorough ULK1.,SIGNOR-209925,Oct2020_release
ALOX5,protein,P09917,UNIPROT,STAT5A,protein,P42229,UNIPROT,down-regulates activity,oxidation,,,9606.0,BTO:0000304,,,,,,,,17369849,f,,,… we report that the tumor suppressor phosphatase and tensin homolog (PTEN) is oxidized and inactivated during arachidonic acid (AA) metabolism in pancreatic cancer cell lines expressing COX-2 or 5-LOX,SIGNOR-255630,Oct2020_release
FER,protein,P16591,UNIPROT,CTTN,protein,Q14247,UNIPROT,up-regulates activity,phosphorylation,Tyr421,RLPSSPVyEDAASFK,10029.0,BTO:0000246,,,,,,,,10921917,t,,,"FER kinase was implicated in the direct phosphorylation of cortactin. tyrosine residues (421, 466, and 482) were required for the hypertonicity-induced responses that were predominantly targeted upon FER overexpression.",SIGNOR-251132,Oct2020_release
AKT1,protein,P31749,UNIPROT,PPP1CA,protein,P62136,UNIPROT,down-regulates,phosphorylation,Thr320,NPGGRPItPPRNSAK,9606.0,BTO:0000938,BTO:0000142,,,,,,,17202132,t,,gcesareni,Ir-induced pp1 activation in the nucleus may be a critical component in an atm-mediated pathway controlling checkpoint activation.,SIGNOR-252498,Oct2020_release
CDK2,protein,P24941,UNIPROT,UBE2R2,protein,Q712K3,UNIPROT,down-regulates activity,phosphorylation,Ser233,DCYDDDDsGNEES,10090.0,BTO:0000944,,,,,,,,12037680,t,,lperfetto,Ck2-dependent phosphorylation of the e2 ubiquitin conjugating enzyme ubc3b induces its interaction with bold beta-trcp and enhances bold beta-catenin degradation. serine 233 of ubc3b is the main ck2 targe,SIGNOR-235415,Oct2020_release
MAP2K1,protein,Q02750,UNIPROT,PPARG,protein,P37231,UNIPROT,down-regulates activity,phosphorylation,Ser112,AIKVEPAsPPYYSEK,9606.0,,,,,,,,,18596912,t,,lperfetto,"In conclusion, PPAR emerges as a tumor-type and tumor-stage-specific modulator that is regulated by at least three mechanisms through the ERK cascade. Downregulation is carried out through (1) MAPK-mediated Ser84/114 phosphorylation, (2) ERK cascade activation through PPAR ligands, and (3) cooperation of PPAR with tumor modulating proteins (such as MEK1)",SIGNOR-179390,Oct2020_release
AKT1,protein,P31749,UNIPROT,PPP1CA,protein,P62136,UNIPROT,down-regulates,phosphorylation,Thr320,NPGGRPItPPRNSAK,9606.0,BTO:0000661,,,,,,,,12202491,t,,gcesareni,Ir-induced pp1 activation in the nucleus may be a critical component in an atm-mediated pathway controlling checkpoint activation.,SIGNOR-92257,Oct2020_release
HCK,protein,P08631,UNIPROT,BCR,protein,P11274,UNIPROT,up-regulates activity,phosphorylation,Tyr177,ADAEKPFyVNVEFHH,9534.0,BTO:0000298,,,,,,,,9407116,t,,,"Hck (and Lyn) kinase might cooperate in phosphorylating a binding site for Grb2, Tyr177, in Bcr.",SIGNOR-251261,Oct2020_release
AKT,proteinfamily,SIGNOR-PF24,SIGNOR,PPP1CA,protein,P62136,UNIPROT,down-regulates,phosphorylation,Thr320,NPGGRPItPPRNSAK,9606.0,BTO:0000661,,,,,,,,12202491,t,,lperfetto,Ir-induced pp1 activation in the nucleus may be a critical component in an atm-mediated pathway controlling checkpoint activation.,SIGNOR-244330,Oct2020_release
AKT,proteinfamily,SIGNOR-PF24,SIGNOR,PPP1CA,protein,P62136,UNIPROT,down-regulates,phosphorylation,Thr320,NPGGRPItPPRNSAK,9606.0,BTO:0000938,BTO:0000142,,,,,,,17202132,t,,gcesareni,Ir-induced pp1 activation in the nucleus may be a critical component in an atm-mediated pathway controlling checkpoint activation.,SIGNOR-151795,Oct2020_release
28S mitochondrial small ribosomal subunit,complex,SIGNOR-C266,SIGNOR,MT-ND2,protein,P03891,UNIPROT,up-regulates quantity by expression,translation regulation,,,9606.0,BTO:0000567,,,,,,,,8965693,t,,lperfetto,"Electrophoretic Resolution of 35S-Labeled Mitochondrial Translation Products. The 13 mammalian mitochondrial translation products are best resolved in a 15 to 20% exponential gradient polyacrylamide gel| chapter describes methods utilized in our laboratory for the study of mitochondrial protein synthesis in vivo in human cells in culture|ND2, ND3, ND4, ND4L, ND5, and ND6 refer to subunits 1, 2, 3, 4, 4L, 5, and 6 of the rotenone-sensitive NADH dehydrogenase. CO I, CO II, and CO III denote subunits I, If, and IlI of cytochrome-c oxidase. A6 and A8 are subunits 6 and 8 of the H÷-ATPase.",SIGNOR-262404,Oct2021_release
28S mitochondrial small ribosomal subunit,complex,SIGNOR-C266,SIGNOR,MT-ND3,protein,P03897,UNIPROT,up-regulates quantity by expression,translation regulation,,,9606.0,BTO:0000567,,,,,,,,8965693,t,,lperfetto,"Electrophoretic Resolution of 35S-Labeled Mitochondrial Translation Products. The 13 mammalian mitochondrial translation products are best resolved in a 15 to 20% exponential gradient polyacrylamide gel| chapter describes methods utilized in our laboratory for the study of mitochondrial protein synthesis in vivo in human cells in culture|ND2, ND3, ND4, ND4L, ND5, and ND6 refer to subunits 1, 2, 3, 4, 4L, 5, and 6 of the rotenone-sensitive NADH dehydrogenase. CO I, CO II, and CO III denote subunits I, If, and IlI of cytochrome-c oxidase. A6 and A8 are subunits 6 and 8 of the H÷-ATPase.",SIGNOR-262405,Oct2021_release
39S mitochondrial large ribosomal subunit,complex,SIGNOR-C285,SIGNOR,MT-CO1,protein,P00395,UNIPROT,up-regulates quantity by expression,translation regulation,,,9606.0,BTO:0000567,,,,,,,,8965693,t,,lperfetto,"Electrophoretic Resolution of 35S-Labeled Mitochondrial Translation Products. The 13 mammalian mitochondrial translation products are best resolved in a 15 to 20% exponential gradient polyacrylamide gel| chapter describes methods utilized in our laboratory for the study of mitochondrial protein synthesis in vivo in human cells in culture|ND2, ND3, ND4, ND4L, ND5, and ND6 refer to subunits 1, 2, 3, 4, 4L, 5, and 6 of the rotenone-sensitive NADH dehydrogenase. CO I, CO II, and CO III denote subunits I, If, and IlI of cytochrome-c oxidase. A6 and A8 are subunits 6 and 8 of the H÷-ATPase.",SIGNOR-262388,Oct2021_release
39S mitochondrial large ribosomal subunit,complex,SIGNOR-C285,SIGNOR,MT-ND4L,protein,P03901,UNIPROT,up-regulates quantity by expression,translation regulation,,,9606.0,BTO:0000567,,,,,,,,8965693,t,,lperfetto,"Electrophoretic Resolution of 35S-Labeled Mitochondrial Translation Products. The 13 mammalian mitochondrial translation products are best resolved in a 15 to 20% exponential gradient polyacrylamide gel| chapter describes methods utilized in our laboratory for the study of mitochondrial protein synthesis in vivo in human cells in culture|ND2, ND3, ND4, ND4L, ND5, and ND6 refer to subunits 1, 2, 3, 4, 4L, 5, and 6 of the rotenone-sensitive NADH dehydrogenase. CO I, CO II, and CO III denote subunits I, If, and IlI of cytochrome-c oxidase. A6 and A8 are subunits 6 and 8 of the H÷-ATPase.",SIGNOR-262398,Oct2021_release
28S mitochondrial small ribosomal subunit,complex,SIGNOR-C266,SIGNOR,MT-ND4,protein,P03905,UNIPROT,up-regulates quantity by expression,translation regulation,,,9606.0,BTO:0000567,,,,,,,,8965693,t,,lperfetto,"Electrophoretic Resolution of 35S-Labeled Mitochondrial Translation Products. The 13 mammalian mitochondrial translation products are best resolved in a 15 to 20% exponential gradient polyacrylamide gel| chapter describes methods utilized in our laboratory for the study of mitochondrial protein synthesis in vivo in human cells in culture|ND2, ND3, ND4, ND4L, ND5, and ND6 refer to subunits 1, 2, 3, 4, 4L, 5, and 6 of the rotenone-sensitive NADH dehydrogenase. CO I, CO II, and CO III denote subunits I, If, and IlI of cytochrome-c oxidase. A6 and A8 are subunits 6 and 8 of the H÷-ATPase.",SIGNOR-262408,Oct2021_release
39S mitochondrial large ribosomal subunit,complex,SIGNOR-C285,SIGNOR,MT-CO3,protein,P00414,UNIPROT,up-regulates quantity by expression,translation regulation,,,9606.0,BTO:0000567,,,,,,,,8965693,t,,lperfetto,"Electrophoretic Resolution of 35S-Labeled Mitochondrial Translation Products. The 13 mammalian mitochondrial translation products are best resolved in a 15 to 20% exponential gradient polyacrylamide gel| chapter describes methods utilized in our laboratory for the study of mitochondrial protein synthesis in vivo in human cells in culture|ND2, ND3, ND4, ND4L, ND5, and ND6 refer to subunits 1, 2, 3, 4, 4L, 5, and 6 of the rotenone-sensitive NADH dehydrogenase. CO I, CO II, and CO III denote subunits I, If, and IlI of cytochrome-c oxidase. A6 and A8 are subunits 6 and 8 of the H÷-ATPase.",SIGNOR-262390,Oct2021_release
precursor messenger RNA,smallmolecule,CHEBI:139356,ChEBI,CFI complex,complex,SIGNOR-C388,SIGNOR,up-regulates activity,chemical activation,,,9606.0,BTO:0000567,,,,,,,,30139799,t,,lperfetto,Cleavage factor II (CF II) is a poorly characterized component of the multiprotein complex catalyzing 3' cleavage and polyadenylation of mammalian mRNA precursors. We have reconstituted CF II as a heterodimer of hPcf11 and hClp1. The heterodimer is active in partially reconstituted cleavage reactions,SIGNOR-266178,Oct2021_release
39S mitochondrial large ribosomal subunit,complex,SIGNOR-C285,SIGNOR,MT-ATP8,protein,P03928,UNIPROT,up-regulates quantity by expression,translation regulation,,,9606.0,BTO:0000567,,,,,,,,8965693,t,,lperfetto,"Electrophoretic Resolution of 35S-Labeled Mitochondrial Translation Products. The 13 mammalian mitochondrial translation products are best resolved in a 15 to 20% exponential gradient polyacrylamide gel| chapter describes methods utilized in our laboratory for the study of mitochondrial protein synthesis in vivo in human cells in culture|ND2, ND3, ND4, ND4L, ND5, and ND6 refer to subunits 1, 2, 3, 4, 4L, 5, and 6 of the rotenone-sensitive NADH dehydrogenase. CO I, CO II, and CO III denote subunits I, If, and IlI of cytochrome-c oxidase. A6 and A8 are subunits 6 and 8 of the H÷-ATPase.",SIGNOR-262386,Oct2021_release
28S mitochondrial small ribosomal subunit,complex,SIGNOR-C266,SIGNOR,MT-ND6,protein,P03923,UNIPROT,up-regulates quantity by expression,translation regulation,,,9606.0,BTO:0000567,,,,,,,,8965693,t,,lperfetto,"Electrophoretic Resolution of 35S-Labeled Mitochondrial Translation Products. The 13 mammalian mitochondrial translation products are best resolved in a 15 to 20% exponential gradient polyacrylamide gel| chapter describes methods utilized in our laboratory for the study of mitochondrial protein synthesis in vivo in human cells in culture|ND2, ND3, ND4, ND4L, ND5, and ND6 refer to subunits 1, 2, 3, 4, 4L, 5, and 6 of the rotenone-sensitive NADH dehydrogenase. CO I, CO II, and CO III denote subunits I, If, and IlI of cytochrome-c oxidase. A6 and A8 are subunits 6 and 8 of the H÷-ATPase.",SIGNOR-262406,Oct2021_release
PIK3CG,protein,P48736,UNIPROT,AKT,proteinfamily,SIGNOR-PF24,SIGNOR,up-regulates,phosphorylation,,,9606.0,BTO:0000938,,,,,,,,9346240,t,,lperfetto,Akt may be regulated by both phosphorylation and by the direct binding of pi3k to the akt pleckstrin homology (ph) domain.,SIGNOR-244432,Oct2021_release
39S mitochondrial large ribosomal subunit,complex,SIGNOR-C285,SIGNOR,MT-CYB,protein,P00156,UNIPROT,up-regulates quantity by expression,translation regulation,,,9606.0,BTO:0000567,,,,,,,,8965693,t,,lperfetto,"Electrophoretic Resolution of 35S-Labeled Mitochondrial Translation Products. The 13 mammalian mitochondrial translation products are best resolved in a 15 to 20% exponential gradient polyacrylamide gel| chapter describes methods utilized in our laboratory for the study of mitochondrial protein synthesis in vivo in human cells in culture|ND2, ND3, ND4, ND4L, ND5, and ND6 refer to subunits 1, 2, 3, 4, 4L, 5, and 6 of the rotenone-sensitive NADH dehydrogenase. CO I, CO II, and CO III denote subunits I, If, and IlI of cytochrome-c oxidase. A6 and A8 are subunits 6 and 8 of the H÷-ATPase.",SIGNOR-262397,Oct2021_release
precursor messenger RNA,smallmolecule,CHEBI:139356,ChEBI,CFII complex,complex,SIGNOR-C387,SIGNOR,up-regulates activity,chemical activation,,,9606.0,BTO:0000567,,,,,,,,30139799,t,,lperfetto,Cleavage factor II (CF II) is a poorly characterized component of the multiprotein complex catalyzing 3' cleavage and polyadenylation of mammalian mRNA precursors. We have reconstituted CF II as a heterodimer of hPcf11 and hClp1. The heterodimer is active in partially reconstituted cleavage reactions,SIGNOR-266179,Oct2021_release
AGTR1,protein,P30556,UNIPROT,TGFb,proteinfamily,SIGNOR-PF5,SIGNOR,up-regulates quantity by expression,transcriptional regulation,,,9606.0,,,,,,,,,other,f,https://doi.org/10.1007/978-3-642-03683-5_15,miannu,"ANG-II could stimulate the production and secretion of TGF-β cytokine in lung tissue, and this process may be mediated by AGTR1. As TGF-β itself can also regulate the level of ANG-II, it is believed that an “autocrine loop” between ANG-II and TGF-β exists in lung tissue.Altogether, ANG-II enhances TGF-β/Smad signaling and the interplay between ANG-II and TGF-β may promote lung fibrosis.",SIGNOR-260424,Oct2021_release
39S mitochondrial large ribosomal subunit,complex,SIGNOR-C285,SIGNOR,MT-ND4,protein,P03905,UNIPROT,up-regulates quantity by expression,translation regulation,,,9606.0,BTO:0000567,,,,,,,,8965693,t,,lperfetto,"Electrophoretic Resolution of 35S-Labeled Mitochondrial Translation Products. The 13 mammalian mitochondrial translation products are best resolved in a 15 to 20% exponential gradient polyacrylamide gel| chapter describes methods utilized in our laboratory for the study of mitochondrial protein synthesis in vivo in human cells in culture|ND2, ND3, ND4, ND4L, ND5, and ND6 refer to subunits 1, 2, 3, 4, 4L, 5, and 6 of the rotenone-sensitive NADH dehydrogenase. CO I, CO II, and CO III denote subunits I, If, and IlI of cytochrome-c oxidase. A6 and A8 are subunits 6 and 8 of the H÷-ATPase.",SIGNOR-262395,Oct2021_release
39S mitochondrial large ribosomal subunit,complex,SIGNOR-C285,SIGNOR,MT-ND1,protein,P03886,UNIPROT,up-regulates quantity by expression,translation regulation,,,9606.0,BTO:0000567,,,,,,,,8965693,t,,lperfetto,"Electrophoretic Resolution of 35S-Labeled Mitochondrial Translation Products. The 13 mammalian mitochondrial translation products are best resolved in a 15 to 20% exponential gradient polyacrylamide gel| chapter describes methods utilized in our laboratory for the study of mitochondrial protein synthesis in vivo in human cells in culture|ND2, ND3, ND4, ND4L, ND5, and ND6 refer to subunits 1, 2, 3, 4, 4L, 5, and 6 of the rotenone-sensitive NADH dehydrogenase. CO I, CO II, and CO III denote subunits I, If, and IlI of cytochrome-c oxidase. A6 and A8 are subunits 6 and 8 of the H÷-ATPase.",SIGNOR-262394,Oct2021_release
39S mitochondrial large ribosomal subunit,complex,SIGNOR-C285,SIGNOR,MT-ND3,protein,P03897,UNIPROT,up-regulates quantity by expression,translation regulation,,,9606.0,BTO:0000567,,,,,,,,8965693,t,,lperfetto,"Electrophoretic Resolution of 35S-Labeled Mitochondrial Translation Products. The 13 mammalian mitochondrial translation products are best resolved in a 15 to 20% exponential gradient polyacrylamide gel| chapter describes methods utilized in our laboratory for the study of mitochondrial protein synthesis in vivo in human cells in culture|ND2, ND3, ND4, ND4L, ND5, and ND6 refer to subunits 1, 2, 3, 4, 4L, 5, and 6 of the rotenone-sensitive NADH dehydrogenase. CO I, CO II, and CO III denote subunits I, If, and IlI of cytochrome-c oxidase. A6 and A8 are subunits 6 and 8 of the H÷-ATPase.",SIGNOR-262392,Oct2021_release
28S mitochondrial small ribosomal subunit,complex,SIGNOR-C266,SIGNOR,MT-ND1,protein,P03886,UNIPROT,up-regulates quantity by expression,translation regulation,,,9606.0,BTO:0000567,,,,,,,,8965693,t,,lperfetto,"Electrophoretic Resolution of 35S-Labeled Mitochondrial Translation Products. The 13 mammalian mitochondrial translation products are best resolved in a 15 to 20% exponential gradient polyacrylamide gel| chapter describes methods utilized in our laboratory for the study of mitochondrial protein synthesis in vivo in human cells in culture|ND2, ND3, ND4, ND4L, ND5, and ND6 refer to subunits 1, 2, 3, 4, 4L, 5, and 6 of the rotenone-sensitive NADH dehydrogenase. CO I, CO II, and CO III denote subunits I, If, and IlI of cytochrome-c oxidase. A6 and A8 are subunits 6 and 8 of the H÷-ATPase.",SIGNOR-262407,Oct2021_release
39S mitochondrial large ribosomal subunit,complex,SIGNOR-C285,SIGNOR,MT-ND2,protein,P03891,UNIPROT,up-regulates quantity by expression,translation regulation,,,9606.0,BTO:0000567,,,,,,,,8965693,t,,lperfetto,"Electrophoretic Resolution of 35S-Labeled Mitochondrial Translation Products. The 13 mammalian mitochondrial translation products are best resolved in a 15 to 20% exponential gradient polyacrylamide gel| chapter describes methods utilized in our laboratory for the study of mitochondrial protein synthesis in vivo in human cells in culture|ND2, ND3, ND4, ND4L, ND5, and ND6 refer to subunits 1, 2, 3, 4, 4L, 5, and 6 of the rotenone-sensitive NADH dehydrogenase. CO I, CO II, and CO III denote subunits I, If, and IlI of cytochrome-c oxidase. A6 and A8 are subunits 6 and 8 of the H÷-ATPase.",SIGNOR-262391,Oct2021_release
CREB1,protein,P16220,UNIPROT,PCK1,protein,P35558,UNIPROT,up-regulates quantity,transcriptional regulation,,,9600.0,BTO:0000567,,,,,,,,26652733,t,,,These results reveal that CRTC2 plays an essential role in the regulation of hepatic gluconeogenesis through coordinated regulation of the glucocorticoid/GR- and glucagon/CREB-signaling pathways on the key genes G6P and PEPCK.,SIGNOR-256108,Oct2021_release
28S mitochondrial small ribosomal subunit,complex,SIGNOR-C266,SIGNOR,MT-ATP8,protein,P03928,UNIPROT,up-regulates quantity by expression,translation regulation,,,9606.0,BTO:0000567,,,,,,,,8965693,t,,lperfetto,"Electrophoretic Resolution of 35S-Labeled Mitochondrial Translation Products. The 13 mammalian mitochondrial translation products are best resolved in a 15 to 20% exponential gradient polyacrylamide gel| chapter describes methods utilized in our laboratory for the study of mitochondrial protein synthesis in vivo in human cells in culture|ND2, ND3, ND4, ND4L, ND5, and ND6 refer to subunits 1, 2, 3, 4, 4L, 5, and 6 of the rotenone-sensitive NADH dehydrogenase. CO I, CO II, and CO III denote subunits I, If, and IlI of cytochrome-c oxidase. A6 and A8 are subunits 6 and 8 of the H÷-ATPase.",SIGNOR-262399,Oct2021_release
28S mitochondrial small ribosomal subunit,complex,SIGNOR-C266,SIGNOR,MT-CO1,protein,P00395,UNIPROT,up-regulates quantity by expression,translation regulation,,,9606.0,BTO:0000567,,,,,,,,8965693,t,,lperfetto,"Electrophoretic Resolution of 35S-Labeled Mitochondrial Translation Products. The 13 mammalian mitochondrial translation products are best resolved in a 15 to 20% exponential gradient polyacrylamide gel| chapter describes methods utilized in our laboratory for the study of mitochondrial protein synthesis in vivo in human cells in culture|ND2, ND3, ND4, ND4L, ND5, and ND6 refer to subunits 1, 2, 3, 4, 4L, 5, and 6 of the rotenone-sensitive NADH dehydrogenase. CO I, CO II, and CO III denote subunits I, If, and IlI of cytochrome-c oxidase. A6 and A8 are subunits 6 and 8 of the H÷-ATPase.",SIGNOR-262401,Oct2021_release
Exon junction complex,complex,SIGNOR-C369,SIGNOR,Nonsense-mediated mRNA decay,phenotype,SIGNOR-PH175,SIGNOR,up-regulates,,,,-1.0,,,,,,,,,18066079,t,,miannu,"Nonsense-mediated mRNA decay (NMD) eliminates mRNAs containing a premature translation termination codon through the recruitment of the conserved NMD factors UPF1, UPF2 and UPF3. In humans, a dynamic assembly pathway allows UPF1 to join UPF2 and UPF3 recruited to the mRNA by the exon-junction complex (EJC). ",SIGNOR-265245,Oct2021_release
MYC,protein,P01106,UNIPROT,BMI1,protein,P35226,UNIPROT,up-regulates quantity by expression,transcriptional regulation,,,9606.0,BTO:0000093,,,,,,,,23239878,t,,gcesareni,"DKK1 led to up-regulation of WNT target c-Myc, which in turn further led to transcriptional autoactivation of BMI1",SIGNOR-245347,Oct2021_release
28S mitochondrial small ribosomal subunit,complex,SIGNOR-C266,SIGNOR,MT-CO3,protein,P00414,UNIPROT,up-regulates quantity by expression,translation regulation,,,9606.0,BTO:0000567,,,,,,,,8965693,t,,lperfetto,"Electrophoretic Resolution of 35S-Labeled Mitochondrial Translation Products. The 13 mammalian mitochondrial translation products are best resolved in a 15 to 20% exponential gradient polyacrylamide gel| chapter describes methods utilized in our laboratory for the study of mitochondrial protein synthesis in vivo in human cells in culture|ND2, ND3, ND4, ND4L, ND5, and ND6 refer to subunits 1, 2, 3, 4, 4L, 5, and 6 of the rotenone-sensitive NADH dehydrogenase. CO I, CO II, and CO III denote subunits I, If, and IlI of cytochrome-c oxidase. A6 and A8 are subunits 6 and 8 of the H÷-ATPase.",SIGNOR-262403,Oct2021_release
PIK3CG,protein,P48736,UNIPROT,AKT1,protein,P31749,UNIPROT,up-regulates,phosphorylation,,,9606.0,,,,,,,,,9346240,t,,gcesareni,Akt may be regulated by both phosphorylation and by the direct binding of pi3k to the akt pleckstrin homology (ph) domain.,SIGNOR-52870,Oct2021_release
IMPDH2,protein,P12268,UNIPROT,GTP,smallmolecule,CHEBI:15996,ChEBI,up-regulates quantity,small molecule catalysis,,,-1.0,,,,,,,,,10930578,t,,lperfetto,IMPDH catalyzes the rate‐limiting step of de novo guanosine‐triphosphate (GTP) biosynthesis.,SIGNOR-261263,Oct2021_release
28S mitochondrial small ribosomal subunit,complex,SIGNOR-C266,SIGNOR,MT-CO2,protein,P00403,UNIPROT,up-regulates quantity by expression,translation regulation,,,9606.0,BTO:0000567,,,,,,,,8965693,t,,lperfetto,"Electrophoretic Resolution of 35S-Labeled Mitochondrial Translation Products. The 13 mammalian mitochondrial translation products are best resolved in a 15 to 20% exponential gradient polyacrylamide gel| chapter describes methods utilized in our laboratory for the study of mitochondrial protein synthesis in vivo in human cells in culture|ND2, ND3, ND4, ND4L, ND5, and ND6 refer to subunits 1, 2, 3, 4, 4L, 5, and 6 of the rotenone-sensitive NADH dehydrogenase. CO I, CO II, and CO III denote subunits I, If, and IlI of cytochrome-c oxidase. A6 and A8 are subunits 6 and 8 of the H÷-ATPase.",SIGNOR-262402,Oct2021_release
39S mitochondrial large ribosomal subunit,complex,SIGNOR-C285,SIGNOR,MT-CO2,protein,P00403,UNIPROT,up-regulates quantity by expression,translation regulation,,,9606.0,BTO:0000567,,,,,,,,8965693,t,,lperfetto,"Electrophoretic Resolution of 35S-Labeled Mitochondrial Translation Products. The 13 mammalian mitochondrial translation products are best resolved in a 15 to 20% exponential gradient polyacrylamide gel| chapter describes methods utilized in our laboratory for the study of mitochondrial protein synthesis in vivo in human cells in culture|ND2, ND3, ND4, ND4L, ND5, and ND6 refer to subunits 1, 2, 3, 4, 4L, 5, and 6 of the rotenone-sensitive NADH dehydrogenase. CO I, CO II, and CO III denote subunits I, If, and IlI of cytochrome-c oxidase. A6 and A8 are subunits 6 and 8 of the H÷-ATPase.",SIGNOR-262389,Oct2021_release
ADK,protein,P55263,UNIPROT,"3',5'-cyclic AMP",smallmolecule,CHEBI:17489,ChEBI,up-regulates quantity,small molecule catalysis,,,9606.0,,BTO:0000142,,,,,,,18957298,t,,miannu,"Adenosine is an endogenous inhibitor of excitatory synaptic transmission with potent anticonvulsant properties in the mammalian brain. Given adenosine's important role in modulating synaptic transmission, several mechanisms exist to regulate its extracellular availability. One of these is the intracellular enzyme adenosine kinase (ADK), which phosphorylates adenosine to AMP.",SIGNOR-265466,Oct2021_release
28S mitochondrial small ribosomal subunit,complex,SIGNOR-C266,SIGNOR,MT-ND4L,protein,P03901,UNIPROT,up-regulates quantity by expression,translation regulation,,,9606.0,BTO:0000567,,,,,,,,8965693,t,,lperfetto,"Electrophoretic Resolution of 35S-Labeled Mitochondrial Translation Products. The 13 mammalian mitochondrial translation products are best resolved in a 15 to 20% exponential gradient polyacrylamide gel| chapter describes methods utilized in our laboratory for the study of mitochondrial protein synthesis in vivo in human cells in culture|ND2, ND3, ND4, ND4L, ND5, and ND6 refer to subunits 1, 2, 3, 4, 4L, 5, and 6 of the rotenone-sensitive NADH dehydrogenase. CO I, CO II, and CO III denote subunits I, If, and IlI of cytochrome-c oxidase. A6 and A8 are subunits 6 and 8 of the H÷-ATPase.",SIGNOR-262411,Oct2021_release
39S mitochondrial large ribosomal subunit,complex,SIGNOR-C285,SIGNOR,MT-ND6,protein,P03923,UNIPROT,up-regulates quantity by expression,translation regulation,,,9606.0,BTO:0000567,,,,,,,,8965693,t,,lperfetto,"Electrophoretic Resolution of 35S-Labeled Mitochondrial Translation Products. The 13 mammalian mitochondrial translation products are best resolved in a 15 to 20% exponential gradient polyacrylamide gel| chapter describes methods utilized in our laboratory for the study of mitochondrial protein synthesis in vivo in human cells in culture|ND2, ND3, ND4, ND4L, ND5, and ND6 refer to subunits 1, 2, 3, 4, 4L, 5, and 6 of the rotenone-sensitive NADH dehydrogenase. CO I, CO II, and CO III denote subunits I, If, and IlI of cytochrome-c oxidase. A6 and A8 are subunits 6 and 8 of the H÷-ATPase.",SIGNOR-262393,Oct2021_release
28S mitochondrial small ribosomal subunit,complex,SIGNOR-C266,SIGNOR,MT-CYB,protein,P00156,UNIPROT,up-regulates quantity by expression,translation regulation,,,9606.0,BTO:0000567,,,,,,,,8965693,t,,lperfetto,"Electrophoretic Resolution of 35S-Labeled Mitochondrial Translation Products. The 13 mammalian mitochondrial translation products are best resolved in a 15 to 20% exponential gradient polyacrylamide gel| chapter describes methods utilized in our laboratory for the study of mitochondrial protein synthesis in vivo in human cells in culture|ND2, ND3, ND4, ND4L, ND5, and ND6 refer to subunits 1, 2, 3, 4, 4L, 5, and 6 of the rotenone-sensitive NADH dehydrogenase. CO I, CO II, and CO III denote subunits I, If, and IlI of cytochrome-c oxidase. A6 and A8 are subunits 6 and 8 of the H÷-ATPase.",SIGNOR-262410,Oct2021_release
39S mitochondrial large ribosomal subunit,complex,SIGNOR-C285,SIGNOR,MT-ND5,protein,P03915,UNIPROT,up-regulates quantity by expression,translation regulation,,,9606.0,BTO:0000567,,,,,,,,8965693,t,,lperfetto,"Electrophoretic Resolution of 35S-Labeled Mitochondrial Translation Products. The 13 mammalian mitochondrial translation products are best resolved in a 15 to 20% exponential gradient polyacrylamide gel| chapter describes methods utilized in our laboratory for the study of mitochondrial protein synthesis in vivo in human cells in culture|ND2, ND3, ND4, ND4L, ND5, and ND6 refer to subunits 1, 2, 3, 4, 4L, 5, and 6 of the rotenone-sensitive NADH dehydrogenase. CO I, CO II, and CO III denote subunits I, If, and IlI of cytochrome-c oxidase. A6 and A8 are subunits 6 and 8 of the H÷-ATPase.",SIGNOR-262396,Oct2021_release
GLS,protein,O94925,UNIPROT,glutamic acid,smallmolecule,CHEBI:18237,ChEBI,up-regulates quantity,small molecule catalysis,,,9606.0,,,,,,,,,22049910,t,,,Glutaminase (GLS1/2) catalyzes the conversion of L-glutamine to L-glutamate and ammonia.,SIGNOR-260001,Oct2021_release
28S mitochondrial small ribosomal subunit,complex,SIGNOR-C266,SIGNOR,MT-ND5,protein,P03915,UNIPROT,up-regulates quantity by expression,translation regulation,,,9606.0,BTO:0000567,,,,,,,,8965693,t,,lperfetto,"Electrophoretic Resolution of 35S-Labeled Mitochondrial Translation Products. The 13 mammalian mitochondrial translation products are best resolved in a 15 to 20% exponential gradient polyacrylamide gel| chapter describes methods utilized in our laboratory for the study of mitochondrial protein synthesis in vivo in human cells in culture|ND2, ND3, ND4, ND4L, ND5, and ND6 refer to subunits 1, 2, 3, 4, 4L, 5, and 6 of the rotenone-sensitive NADH dehydrogenase. CO I, CO II, and CO III denote subunits I, If, and IlI of cytochrome-c oxidase. A6 and A8 are subunits 6 and 8 of the H÷-ATPase.",SIGNOR-262409,Oct2021_release
DIO2,protein,Q92813,UNIPROT,"3,3',5'-triiodo-L-thyronine",smallmolecule,CHEBI:11684,ChEBI,up-regulates quantity,small molecule catalysis,,,,,,,,,,,,20978344,t,,,The deiodinase family of enzymes controls the tissue-specific activation and inactivation of the prohormone thyroxine (T4),SIGNOR-256202,Oct2021_release
CHUK,protein,O15111,UNIPROT,Histone H3,proteinfamily,SIGNOR-PF69,SIGNOR,up-regulates,phosphorylation,,,9606.0,,,,,,,,,12588998,t,,gcesareni,Cascade of distinct histone modifications during collagenase gene activation.,SIGNOR-265327,Oct2022_release
AURKA,protein,O14965,UNIPROT,AR,protein,P10275,UNIPROT,up-regulates activity,phosphorylation,Thr282,VPPAVRPtPCAPLAE,9606.0,BTO:0001321,,,,,,,,20713353,t,,miannu,Phosphorylation and activation of androgen receptor by Aurora-A.Aurora-A interacts with AR and phosphorylates AR at Thr(282) and Ser(293) in vitro and in vivo. Aurora-A induces AR transactivation activity in a phosphorylation-dependent manner.,SIGNOR-259827,Oct2022_release
MAPK9,protein,P45984,UNIPROT,H3-3A,protein,P84243,UNIPROT,up-regulates,phosphorylation,Ser29,ATKAARKsAPSTGGV,9606.0,,,,,,,,,15994958,t,,gcesareni,"Phosphorylation of histone h3 at serine 10 is indispensable for neoplastic cell transformation. When h3 wt was overexpressed, egf induction of c-fos and c-jun promoter activity was significantly increased compared with control cells but not in the h3 mutant s10a or s28a cells.",SIGNOR-138463,Oct2022_release
MAPK8,protein,P45983,UNIPROT,Histone H3,proteinfamily,SIGNOR-PF69,SIGNOR,up-regulates,phosphorylation,,,9606.0,,,,,,,,,15994958,t,,gcesareni,"Phosphorylation of histone h3 at serine 10 is indispensable for neoplastic cell transformation. When h3 wt was overexpressed, egf induction of c-fos and c-jun promoter activity was significantly increased compared with control cells but not in the h3 mutant s10a or s28a cells.",SIGNOR-265340,Oct2022_release
MST1,protein,P26927,UNIPROT,Histone H2B,proteinfamily,SIGNOR-PF68,SIGNOR,up-regulates,phosphorylation,,,9606.0,,,,,,,,,21212262,t,,lperfetto,"The mst1 is a serine/threonine kinase that is activated upon apoptotic stimulation, which in turn activates its downstream targets, jnk/p38, histone h2b and foxo. Mst1 induces apoptosis by phosphorylating histone h2b on a relatively conserved site, ser-14 in mammalian cells",SIGNOR-265316,Oct2022_release
MAPK1,protein,P28482,UNIPROT,H3-3A,protein,P84243,UNIPROT,up-regulates,phosphorylation,Ser29,ATKAARKsAPSTGGV,9606.0,,,,,,,,,15994958,t,,gcesareni,"Phosphorylation of histone h3 at serine 10 is indispensable for neoplastic cell transformation. When h3 wt was overexpressed, egf induction of c-fos and c-jun promoter activity was significantly increased compared with control cells but not in the h3 mutant s10a or s28a cells.",SIGNOR-138451,Oct2022_release
RPS6KA3,protein,P51812,UNIPROT,Histone H2B,proteinfamily,SIGNOR-PF68,SIGNOR,up-regulates,phosphorylation,,,9606.0,,BTO:0001253,,,,,,,21646345,t,,lperfetto,"Here, we studied the histone h2b core domain and found that phosphorylation of h2b serine 32 occurs in normal cycling and mitogen-stimulated cells. Notably, this phosphorylation is elevated in skin cancer cell lines and tissues compared with normal counterparts. We identified ribosomal s6 kinase 2 (rsk2) as the kinase responsible for h2bs32 phosphorylation.",SIGNOR-265317,Oct2022_release
MAPK8,protein,P45983,UNIPROT,H3-3A,protein,P84243,UNIPROT,up-regulates,phosphorylation,Ser29,ATKAARKsAPSTGGV,9606.0,,,,,,,,,15994958,t,,gcesareni,"Phosphorylation of histone h3 at serine 10 is indispensable for neoplastic cell transformation. When h3 wt was overexpressed, egf induction of c-fos and c-jun promoter activity was significantly increased compared with control cells but not in the h3 mutant s10a or s28a cells.",SIGNOR-138459,Oct2022_release
ERK1/2,proteinfamily,SIGNOR-PF1,SIGNOR,Histone H3,proteinfamily,SIGNOR-PF69,SIGNOR,up-regulates,phosphorylation,,,9606.0,,,,,,,,,15994958,t,,lperfetto,"Phosphorylation of histone h3 at serine 10 is indispensable for neoplastic cell transformation. When h3 wt was overexpressed, egf induction of c-fos and c-jun promoter activity was significantly increased compared with control cells but not in the h3 mutant s10a or s28a cells.",SIGNOR-265329,Oct2022_release
MAPK3,protein,P27361,UNIPROT,Histone H3,proteinfamily,SIGNOR-PF69,SIGNOR,up-regulates,phosphorylation,,,9606.0,,,,,,,,,15994958,t,,gcesareni,"Phosphorylation of histone h3 at serine 10 is indispensable for neoplastic cell transformation. When h3 wt was overexpressed, egf induction of c-fos and c-jun promoter activity was significantly increased compared with control cells but not in the h3 mutant s10a or s28a cells.",SIGNOR-265339,Oct2022_release
Gbeta,proteinfamily,SIGNOR-PF4,SIGNOR,Histone H3,proteinfamily,SIGNOR-PF69,SIGNOR,up-regulates,phosphorylation,,,9606.0,,,,,,,,,15994958,t,inferred from 70% family members,gcesareni,"Phosphorylation of histone h3 at serine 10 is indispensable for neoplastic cell transformation. When h3 wt was overexpressed, egf induction of c-fos and c-jun promoter activity was significantly increased compared with control cells but not in the h3 mutant s10a or s28a cells.",SIGNOR-270052,Oct2022_release
MAPK3,protein,P27361,UNIPROT,H3-3A,protein,P84243,UNIPROT,up-regulates,phosphorylation,Ser29,ATKAARKsAPSTGGV,9606.0,,,,,,,,,15994958,t,,gcesareni,"Phosphorylation of histone h3 at serine 10 is indispensable for neoplastic cell transformation. When h3 wt was overexpressed, egf induction of c-fos and c-jun promoter activity was significantly increased compared with control cells but not in the h3 mutant s10a or s28a cells.",SIGNOR-138455,Oct2022_release
Gbeta,proteinfamily,SIGNOR-PF4,SIGNOR,H3-3A,protein,P84243,UNIPROT,up-regulates,phosphorylation,,,9606.0,,,,,,,,,15994958,t,inferred from 70% family members,gcesareni,"Phosphorylation of histone h3 at serine 10 is indispensable for neoplastic cell transformation. When h3 wt was overexpressed, egf induction of c-fos and c-jun promoter activity was significantly increased compared with control cells but not in the h3 mutant s10a or s28a cells.",SIGNOR-270113,Oct2022_release
MAPK1,protein,P28482,UNIPROT,Histone H3,proteinfamily,SIGNOR-PF69,SIGNOR,up-regulates,phosphorylation,,,9606.0,,,,,,,,,15994958,t,,gcesareni,"Phosphorylation of histone h3 at serine 10 is indispensable for neoplastic cell transformation. When h3 wt was overexpressed, egf induction of c-fos and c-jun promoter activity was significantly increased compared with control cells but not in the h3 mutant s10a or s28a cells.",SIGNOR-265337,Oct2022_release
STK4,protein,Q13043,UNIPROT,Histone H2B,proteinfamily,SIGNOR-PF68,SIGNOR,up-regulates,phosphorylation,,,9606.0,,,,,,,,,21212262,t,,lperfetto,"The mst1 is a serine/threonine kinase that is activated upon apoptotic stimulation, which in turn activates its downstream targets, jnk/p38, histone h2b and foxo. Mst1 induces apoptosis by phosphorylating histone h2b on a relatively conserved site, ser-14 in mammalian cells",SIGNOR-265318,Oct2022_release
MAPK9,protein,P45984,UNIPROT,Histone H3,proteinfamily,SIGNOR-PF69,SIGNOR,up-regulates,phosphorylation,,,9606.0,,,,,,,,,15994958,t,,gcesareni,"Phosphorylation of histone h3 at serine 10 is indispensable for neoplastic cell transformation. When h3 wt was overexpressed, egf induction of c-fos and c-jun promoter activity was significantly increased compared with control cells but not in the h3 mutant s10a or s28a cells.",SIGNOR-265341,Oct2022_release
AURKA,protein,O14965,UNIPROT,AR,protein,P10275,UNIPROT,up-regulates activity,phosphorylation,Ser293,PLAECKGsLLDDSAG,9606.0,BTO:0001321,,,,,,,,20713353,t,,miannu,Phosphorylation and activation of androgen receptor by Aurora-A.Aurora-A interacts with AR and phosphorylates AR at Thr(282) and Ser(293) in vitro and in vivo. Aurora-A induces AR transactivation activity in a phosphorylation-dependent manner.,SIGNOR-259828,Oct2022_release
CDK9,protein,P50750,UNIPROT,AEP complex,complex,SIGNOR-C117,SIGNOR,form complex,binding,,,9606.0,BTO:0000664,,,,,,,,20153263,t,1,miannu,"These data demonstrate that AF4, AF5q31 and ENL associate in an endogenous higher-order complex (hereafter referred to as AEP for the AF4 family/ENL family/P-TEFb complex) containing P-TEFb in hematopoietic lineage cells.",SIGNOR-239234,Oct2022_release
CHUK,protein,O15111,UNIPROT,H3-3A,protein,P84243,UNIPROT,up-regulates,phosphorylation,Ser11,TKQTARKsTGGKAPR,9606.0,,,,,,,,,12588998,t,,gcesareni,Cascade of distinct histone modifications during collagenase gene activation.,SIGNOR-98365,Oct2022_release
ACD,protein,Q96AP0,UNIPROT,Shelterin complex,complex,SIGNOR-C306,SIGNOR,form complex,binding,,,9606.0,BTO:0000567,,,,,,,,15383534,t,,lperfetto,"Telosome, a mammalian telomere-associated complex formed by multiple telomeric proteins|Gel filtration reveals a complex consisting of POT1 , RAP1, TRF1, ACD, TERF2 and TINF2 proteins.",SIGNOR-263321,Oct2023_release
CD3D,protein,P04234,UNIPROT,TCR,complex,SIGNOR-C153,SIGNOR,form complex,binding,,,9606.0,,,,,,,,,12507424,t,,miannu,"The T cell receptor-CD3 complex (TCR-CD3) serves a critical role in the differentiation, survival, and function of T cells, and receptor triggering elicits a complex set of biological responses that serve to protect the organism from infectious agents. The receptor is composed of six different chains that form the TCR heterodimer responsible for ligand recognition, as well as the CD3Œ≥Œµ, CD3Œ¥Œµ, and Œ∂Œ∂ signaling modules.the TCRŒ±-CD3Œ¥Œµ and TCRŒ≤-CD3Œ≥Œµ interactions are similar since both require a lysine in the TM region of the respective TCR chain and both acidic TM residues in the relevant CD3 heterodimer. Nevertheless, formation of fully assembled Œ±Œ≤ TCR-CD3 complexes containing the Œ∂-chain strictly required both CD3Œ≥ and Œ¥",SIGNOR-269471,Oct2023_release
DZIP3,protein,Q86Y13,UNIPROT,H2AB2,protein,P0C5Z0,UNIPROT,up-regulates activity,monoubiquitination,Lys119,K>118,9606.0,BTO:0000007,,,,,,,,18206970,t,,miannu," 2A-HUB catalyzes monoubiquitination of H2A at lysine 119, functioning as a combinatoric component of the repression machinery required for specific gene regulation programs. Thus, 2A-HUB mediates a selective repression of a specific set of chemokine genes in macrophages, critically modulating migratory responses to TLR activation. H2A monoubiquitination acts to prevent FACT recruitment at the transcriptional promoter region, blocking RNA polymerase II release at the early stage of elongation.",SIGNOR-271751,Oct2023_release
CD3E,protein,P07766,UNIPROT,TCR,complex,SIGNOR-C153,SIGNOR,form complex,binding,,,9606.0,,,,,,,,,12507424,t,,miannu,"The T cell receptor-CD3 complex (TCR-CD3) serves a critical role in the differentiation, survival, and function of T cells, and receptor triggering elicits a complex set of biological responses that serve to protect the organism from infectious agents. The receptor is composed of six different chains that form the TCR heterodimer responsible for ligand recognition, as well as the CD3Œ≥Œµ, CD3Œ¥Œµ, and Œ∂Œ∂ signaling modules.the TCRŒ±-CD3Œ¥Œµ and TCRŒ≤-CD3Œ≥Œµ interactions are similar since both require a lysine in the TM region of the respective TCR chain and both acidic TM residues in the relevant CD3 heterodimer. Nevertheless, formation of fully assembled Œ±Œ≤ TCR-CD3 complexes containing the Œ∂-chain strictly required both CD3Œ≥ and Œ¥",SIGNOR-269474,Oct2023_release
WDR5,protein,P61964,UNIPROT,MLL/SET subcomplex,complex,SIGNOR-C87,SIGNOR,form complex,binding,,,9606.0,,,,,,,,,24680668,t,,miannu,"Dimethylation of h3k4 requires a sub-complexincluding wrad (wdr5, rbbp5, ash2l, and dpy-30), which binds to each set1 family member forming a minimal corecomplexthat is required for multiple lysine methylation.",SIGNOR-204828,Oct2023_release
STAT1,protein,P42224,UNIPROT,JAK1/STAT1/STAT3,complex,SIGNOR-C120,SIGNOR,form complex,binding,,,10090.0,BTO:0000667,,,,,,,,15284024,t,,lperfetto,"Stimulation of EGFR induces Tyr701 phosphorylation of STAT1 and initiates complex formation of STAT1 and STAT3 with JAK1 and JAK2. Thereafter, the STATs translocate to the nucleus within 15 min.",SIGNOR-235612,Oct2023_release
CD3G,protein,P09693,UNIPROT,TCR,complex,SIGNOR-C153,SIGNOR,form complex,binding,,,9606.0,,,,,,,,,12507424,t,,miannu,"The T cell receptor-CD3 complex (TCR-CD3) serves a critical role in the differentiation, survival, and function of T cells, and receptor triggering elicits a complex set of biological responses that serve to protect the organism from infectious agents. The receptor is composed of six different chains that form the TCR heterodimer responsible for ligand recognition, as well as the CD3Œ≥Œµ, CD3Œ¥Œµ, and Œ∂Œ∂ signaling modules.the TCRŒ±-CD3Œ¥Œµ and TCRŒ≤-CD3Œ≥Œµ interactions are similar since both require a lysine in the TM region of the respective TCR chain and both acidic TM residues in the relevant CD3 heterodimer. Nevertheless, formation of fully assembled Œ±Œ≤ TCR-CD3 complexes containing the Œ∂-chain strictly required both CD3Œ≥ and Œ¥",SIGNOR-269473,Oct2023_release
CyclinA2/CDK2,complex,SIGNOR-C83,SIGNOR,CABLES1,protein,Q8TDN4,UNIPROT,unknown,phosphorylation,Ser273,PGQGGSTsAFEQLQR,-1.0,,,,,,,,,11733001,t,,llicata,"Here, we report that Ser274 of p70ik3-1 is phosphorylated by cdk2 or cdk3 bound to cyclin A and to cyclin E in vitro. We also found that in COS7 cells in which cyclin E and cdk3 were ectopically overexpressed, the phosphorylation level of Ser274 in coexpressed p70ik3-1 is upregulated. We therefore conclude that p70ik3-1 is a substrate for cdk3-mediated phosphorylation.",SIGNOR-250756,Oct2023_release
DZIP3,protein,Q86Y13,UNIPROT,H2AB1,protein,P0C5Y9,UNIPROT,up-regulates activity,monoubiquitination,Lys119,K>118,9606.0,BTO:0000007,,,,,,,,18206970,t,,miannu," 2A-HUB catalyzes monoubiquitination of H2A at lysine 119, functioning as a combinatoric component of the repression machinery required for specific gene regulation programs. Thus, 2A-HUB mediates a selective repression of a specific set of chemokine genes in macrophages, critically modulating migratory responses to TLR activation. H2A monoubiquitination acts to prevent FACT recruitment at the transcriptional promoter region, blocking RNA polymerase II release at the early stage of elongation.",SIGNOR-271750,Oct2023_release
SETD1A,protein,O15047,UNIPROT,MLL/SET subcomplex,complex,SIGNOR-C87,SIGNOR,form complex,binding,,,9606.0,,,,,,,,,24680668,t,,miannu,"Dimethylation of h3k4 requires a sub-complex including wrad (wdr5, rbbp5, ash2l, and dpy-30), which binds to each set1 family member forming a minimal corecomplexthat is required for multiple lysine methylation.",SIGNOR-268797,Oct2023_release
KRAS,protein,P01116,UNIPROT,TCF3,protein,P15923,UNIPROT,up-regulates,phosphorylation,,,9606.0,BTO:0000776,,,,,,,,9528794,t,,gcesareni,Our results are consistent with a model in which notch and deltex act on e47 by inhibiting signaling through ras.,SIGNOR-56144,Oct2024_release
