dataset,id,claim,label,original_label,evidence,ligand,receptor,lr_pair,species,pmid
connectomedb,CDB25:0003056,A2M as ligand directly interacts extracellularly with HSPA5 as receptor.,SUPPORT,SUPPORTED,"https://www.perplexity.ai/search?q=What-is-the-biological-relevance-of-the-ligand-and-receptor-pair-A2M%20HSPA5-based-on-Pubmed-ID-12194978,%2032541810",A2M,HSPA5,A2M HSPA5,human,12194978
connectomedb,CDB25:0003065,ADAM23 as ligand directly interacts extracellularly with ITGAV as receptor.,SUPPORT,SUPPORTED,"https://www.perplexity.ai/search?q=What-is-the-biological-relevance-of-the-ligand-and-receptor-pair-ADAM23%20ITGAV-based-on-Pubmed-ID-10749942,%2019549921",ADAM23,ITGAV,ADAM23 ITGAV,human,10749942
connectomedb,CDB25:0003092,ALCAM as ligand directly interacts extracellularly with ALCAM as receptor.,SUPPORT,SUPPORTED,"https://www.perplexity.ai/search?q=What-is-the-biological-relevance-of-the-ligand-and-receptor-pair-ALCAM%20ALCAM-based-on-Pubmed-ID-15048703,%2023052204",ALCAM,ALCAM,ALCAM ALCAM,human,15048703
connectomedb,CDB25:0003096,ANGPT2 as ligand directly interacts extracellularly with ITGB1 as receptor.,SUPPORT,SUPPORTED,"https://www.perplexity.ai/search?q=What-is-the-biological-relevance-of-the-ligand-and-receptor-pair-ANGPT2%20ITGB1-based-on-Pubmed-ID-16424009,%2025635707",ANGPT2,ITGB1,ANGPT2 ITGB1,human,16424009
connectomedb,CDB25:0003127,APOA1 as ligand directly interacts extracellularly with ABCA1 as receptor.,SUPPORT,SUPPORTED,"https://www.perplexity.ai/search?q=What-is-the-biological-relevance-of-the-ligand-and-receptor-pair-APOA1%20ABCA1-based-on-Pubmed-ID-12084722,%2012511593,%2022271762,%2030458687",APOA1,ABCA1,APOA1 ABCA1,human,12084722
connectomedb,CDB25:0003138,APOE as ligand directly interacts extracellularly with ABCA1 as receptor.,SUPPORT,SUPPORTED,"https://www.perplexity.ai/search?q=What-is-the-biological-relevance-of-the-ligand-and-receptor-pair-APOE%20ABCA1-based-on-Pubmed-ID-14754908,%2024814386",APOE,ABCA1,APOE ABCA1,human,14754908
connectomedb,CDB25:0003142,APOE as ligand directly interacts extracellularly with LSR as receptor.,SUPPORT,SUPPORTED,"https://www.perplexity.ai/search?q=What-is-the-biological-relevance-of-the-ligand-and-receptor-pair-APOE%20LSR-based-on-Pubmed-ID-29178324,%207509190",APOE,LSR,APOE LSR,human,29178324
connectomedb,CDB25:0003143,APOE as ligand directly interacts extracellularly with TREM2 as receptor.,SUPPORT,SUPPORTED,"https://www.perplexity.ai/search?q=What-is-the-biological-relevance-of-the-ligand-and-receptor-pair-APOE%20TREM2-based-on-Pubmed-ID-26374899,%2027477018",APOE,TREM2,APOE TREM2,human,26374899
connectomedb,CDB25:0003226,CADM3 as ligand directly interacts extracellularly with CADM4 as receptor.,SUPPORT,SUPPORTED,"https://www.perplexity.ai/search?q=What-is-the-biological-relevance-of-the-ligand-and-receptor-pair-CADM3%20CADM4-based-on-Pubmed-ID-30131958,%2033889941",CADM3,CADM4,CADM3 CADM4,human,30131958
connectomedb,CDB25:0003232,CALCA as ligand directly interacts extracellularly with RAMP3 as receptor.,SUPPORT,SUPPORTED,"https://www.perplexity.ai/search?q=What-is-the-biological-relevance-of-the-ligand-and-receptor-pair-CALCA%20RAMP3-based-on-Pubmed-ID-12565884,%2014722252,%2015692146,%2018599553,%2030139742",CALCA,RAMP3,CALCA RAMP3,human,12565884
connectomedb,CDB25:0003233,CALCB as ligand directly interacts extracellularly with RAMP3 as receptor.,SUPPORT,SUPPORTED,"https://www.perplexity.ai/search?q=What-is-the-biological-relevance-of-the-ligand-and-receptor-pair-CALCB%20RAMP3-based-on-Pubmed-ID-15692146,%2018599553,%2026423127",CALCB,RAMP3,CALCB RAMP3,human,15692146
connectomedb,CDB25:0003255,CCL26 as ligand directly interacts extracellularly with CX3CR1 as receptor.,SUPPORT,SUPPORTED,"https://www.perplexity.ai/search?q=What-is-the-biological-relevance-of-the-ligand-and-receptor-pair-CCL26%20CX3CR1-based-on-Pubmed-ID-20974991,%2036790376",CCL26,CX3CR1,CCL26 CX3CR1,human,20974991
connectomedb,CDB25:0003274,CD2 as ligand directly interacts extracellularly with CD58 as receptor.,SUPPORT,SUPPORTED,"https://www.perplexity.ai/search?q=What-is-the-biological-relevance-of-the-ligand-and-receptor-pair-CD2%20CD58-based-on-Pubmed-ID-29904386,%207520278",CD2,CD58,CD2 CD58,human,29904386
connectomedb,CDB25:0003277,CD24 as ligand directly interacts extracellularly with SIGLEC10 as receptor.,SUPPORT,SUPPORTED,"https://www.perplexity.ai/search?q=What-is-the-biological-relevance-of-the-ligand-and-receptor-pair-CD24%20SIGLEC10-based-on-Pubmed-ID-19264983,%2031367043",CD24,SIGLEC10,CD24 SIGLEC10,human,19264983
connectomedb,CDB25:0003280,CD40LG as ligand directly interacts extracellularly with ITGA2B as receptor.,SUPPORT,SUPPORTED,"https://www.perplexity.ai/search?q=What-is-the-biological-relevance-of-the-ligand-and-receptor-pair-CD40LG%20ITGA2B-based-on-Pubmed-ID-11875495,%2022461623",CD40LG,ITGA2B,CD40LG ITGA2B,human,11875495
connectomedb,CDB25:0003282,CD40LG as ligand directly interacts extracellularly with ITGA5 as receptor.,SUPPORT,SUPPORTED,"https://www.perplexity.ai/search?q=What-is-the-biological-relevance-of-the-ligand-and-receptor-pair-CD40LG%20ITGA5-based-on-Pubmed-ID-22461623,%2033571526",CD40LG,ITGA5,CD40LG ITGA5,human,22461623
connectomedb,CDB25:0003283,CD40LG as ligand directly interacts extracellularly with ITGAV as receptor.,SUPPORT,SUPPORTED,"https://www.perplexity.ai/search?q=What-is-the-biological-relevance-of-the-ligand-and-receptor-pair-CD40LG%20ITGAV-based-on-Pubmed-ID-31331973,%2033571526",CD40LG,ITGAV,CD40LG ITGAV,human,31331973
connectomedb,CDB25:0003284,CD40LG as ligand directly interacts extracellularly with ITGB1 as receptor.,SUPPORT,SUPPORTED,"https://www.perplexity.ai/search?q=What-is-the-biological-relevance-of-the-ligand-and-receptor-pair-CD40LG%20ITGB1-based-on-Pubmed-ID-22461623,%2033571526",CD40LG,ITGB1,CD40LG ITGB1,human,22461623
connectomedb,CDB25:0003285,CD40LG as ligand directly interacts extracellularly with ITGB3 as receptor.,SUPPORT,SUPPORTED,"https://www.perplexity.ai/search?q=What-is-the-biological-relevance-of-the-ligand-and-receptor-pair-CD40LG%20ITGB3-based-on-Pubmed-ID-11875495,%2022461623,%2031331973,%2033571526",CD40LG,ITGB3,CD40LG ITGB3,human,11875495
connectomedb,CDB25:0003289,CD72 as ligand directly interacts extracellularly with CD5 as receptor.,SUPPORT,SUPPORTED,"https://www.perplexity.ai/search?q=What-is-the-biological-relevance-of-the-ligand-and-receptor-pair-CD72%20CD5-based-on-Pubmed-ID-1711157,%208757302,%208806810",CD72,CD5,CD72 CD5,human,1711157
connectomedb,CDB25:0003292,CDCP1 as ligand directly interacts extracellularly with CD6 as receptor.,SUPPORT,SUPPORTED,"https://www.perplexity.ai/search?q=What-is-the-biological-relevance-of-the-ligand-and-receptor-pair-CDCP1%20CD6-based-on-Pubmed-ID-28760953,%2039455095",CDCP1,CD6,CDCP1 CD6,human,28760953
connectomedb,CDB25:0003334,CGB5 as ligand directly interacts extracellularly with LHCGR as receptor.,SUPPORT,SUPPORTED,"https://www.perplexity.ai/search?q=What-is-the-biological-relevance-of-the-ligand-and-receptor-pair-CGB5%20LHCGR-based-on-Pubmed-ID-12727981,%2026441830",CGB5,LHCGR,CGB5 LHCGR,human,12727981
connectomedb,CDB25:0003336,CGB8 as ligand directly interacts extracellularly with LHCGR as receptor.,SUPPORT,SUPPORTED,"https://www.perplexity.ai/search?q=What-is-the-biological-relevance-of-the-ligand-and-receptor-pair-CGB8%20LHCGR-based-on-Pubmed-ID-12727981,%201922095",CGB8,LHCGR,CGB8 LHCGR,human,12727981
connectomedb,CDB25:0003342,CLEC1B as ligand directly interacts extracellularly with PDPN as receptor.,SUPPORT,SUPPORTED,"https://www.perplexity.ai/search?q=What-is-the-biological-relevance-of-the-ligand-and-receptor-pair-CLEC1B%20PDPN-based-on-Pubmed-ID-17616532,%2025458834",CLEC1B,PDPN,CLEC1B PDPN,human,17616532
connectomedb,CDB25:0003350,CLU as ligand directly interacts extracellularly with LRP2 as receptor.,SUPPORT,SUPPORTED,"https://www.perplexity.ai/search?q=What-is-the-biological-relevance-of-the-ligand-and-receptor-pair-CLU%20LRP2-based-on-Pubmed-ID-11772027,%207768901",CLU,LRP2,CLU LRP2,human,11772027
connectomedb,CDB25:0003357,CNTN1 as ligand directly interacts extracellularly with NFASC as receptor.,SUPPORT,SUPPORTED,"https://www.perplexity.ai/search?q=What-is-the-biological-relevance-of-the-ligand-and-receptor-pair-CNTN1%20NFASC-based-on-Pubmed-ID-27017186,%2031501903",CNTN1,NFASC,CNTN1 NFASC,human,27017186
connectomedb,CDB25:0003375,COL18A1 as ligand directly interacts extracellularly with ITGAV as receptor.,SUPPORT,SUPPORTED,"https://www.perplexity.ai/search?q=What-is-the-biological-relevance-of-the-ligand-and-receptor-pair-COL18A1%20ITGAV-based-on-Pubmed-ID-11158588,%2012682293",COL18A1,ITGAV,COL18A1 ITGAV,human,11158588
connectomedb,CDB25:0003379,COL1A2 as ligand directly interacts extracellularly with DDR1 as receptor.,SUPPORT,SUPPORTED,"https://www.perplexity.ai/search?q=What-is-the-biological-relevance-of-the-ligand-and-receptor-pair-COL1A2%20DDR1-based-on-Pubmed-ID-16440311,%209659899,%209659900",COL1A2,DDR1,COL1A2 DDR1,human,16440311
connectomedb,CDB25:0003380,COL1A2 as ligand directly interacts extracellularly with DDR2 as receptor.,SUPPORT,SUPPORTED,"https://www.perplexity.ai/search?q=What-is-the-biological-relevance-of-the-ligand-and-receptor-pair-COL1A2%20DDR2-based-on-Pubmed-ID-9659899,%209659900",COL1A2,DDR2,COL1A2 DDR2,human,9659899
connectomedb,CDB25:0003394,COL4A2 as ligand directly interacts extracellularly with ITGA2 as receptor.,SUPPORT,SUPPORTED,"https://www.perplexity.ai/search?q=What-is-the-biological-relevance-of-the-ligand-and-receptor-pair-COL4A2%20ITGA2-based-on-Pubmed-ID-10381815,%2012123670",COL4A2,ITGA2,COL4A2 ITGA2,human,10381815
connectomedb,CDB25:0003395,COL4A2 as ligand directly interacts extracellularly with ITGB1 as receptor.,SUPPORT,SUPPORTED,"https://www.perplexity.ai/search?q=What-is-the-biological-relevance-of-the-ligand-and-receptor-pair-COL4A2%20ITGB1-based-on-Pubmed-ID-10381815,%2012123670",COL4A2,ITGB1,COL4A2 ITGB1,human,10381815
connectomedb,CDB25:0003400,COL4A3 as ligand directly interacts extracellularly with ITGB3 as receptor.,SUPPORT,SUPPORTED,"https://www.perplexity.ai/search?q=What-is-the-biological-relevance-of-the-ligand-and-receptor-pair-COL4A3%20ITGB3-based-on-Pubmed-ID-10493512,%2014610079",COL4A3,ITGB3,COL4A3 ITGB3,human,10493512
connectomedb,CDB25:0003432,CRLF1 as ligand directly interacts extracellularly with IL6ST as receptor.,SUPPORT,SUPPORTED,"https://www.perplexity.ai/search?q=What-is-the-biological-relevance-of-the-ligand-and-receptor-pair-CRLF1%20IL6ST-based-on-Pubmed-ID-10966616,%2011285233,%2011294841",CRLF1,IL6ST,CRLF1 IL6ST,human,10966616
connectomedb,CDB25:0003435,CRP as ligand directly interacts extracellularly with FCGR1A as receptor.,SUPPORT,SUPPORTED,"https://www.perplexity.ai/search?q=What-is-the-biological-relevance-of-the-ligand-and-receptor-pair-CRP%20FCGR1A-based-on-Pubmed-ID-18412163,%2033790888",CRP,FCGR1A,CRP FCGR1A,human,18412163
connectomedb,CDB25:0003436,CRP as ligand directly interacts extracellularly with FCGR2A as receptor.,SUPPORT,SUPPORTED,"https://www.perplexity.ai/search?q=What-is-the-biological-relevance-of-the-ligand-and-receptor-pair-CRP%20FCGR2A-based-on-Pubmed-ID-27207525,%2033790888",CRP,FCGR2A,CRP FCGR2A,human,27207525
connectomedb,CDB25:0003459,CXCL13 as ligand directly interacts extracellularly with ACKR5 as receptor.,SUPPORT,SUPPORTED,"https://www.perplexity.ai/search?q=What-is-the-biological-relevance-of-the-ligand-and-receptor-pair-CXCL13%20ACKR5-based-on-Pubmed-ID-33875597,%2037554323",CXCL13,ACKR5,CXCL13 ACKR5,human,33875597
connectomedb,CDB25:0003508,EFNA4 as ligand directly interacts extracellularly with EPHA10 as receptor.,SUPPORT,SUPPORTED,"https://www.perplexity.ai/search?q=What-is-the-biological-relevance-of-the-ligand-and-receptor-pair-EFNA4%20EPHA10-based-on-Pubmed-ID-15777695,%2033436772",EFNA4,EPHA10,EFNA4 EPHA10,human,15777695
connectomedb,CDB25:0003514,EFNA5 as ligand directly interacts extracellularly with ADAM10 as receptor.,SUPPORT,SUPPORTED,"https://www.perplexity.ai/search?q=What-is-the-biological-relevance-of-the-ligand-and-receptor-pair-EFNA5%20ADAM10-based-on-Pubmed-ID-16239146,%2023108669",EFNA5,ADAM10,EFNA5 ADAM10,human,16239146
connectomedb,CDB25:0003533,EPHA2 as ligand directly interacts extracellularly with EFNA1 as receptor.,SUPPORT,SUPPORTED,"https://www.perplexity.ai/search?q=What-is-the-biological-relevance-of-the-ligand-and-receptor-pair-EPHA2%20EFNA1-based-on-Pubmed-ID-15777695,%2022568954",EPHA2,EFNA1,EPHA2 EFNA1,human,15777695
connectomedb,CDB25:0003534,EPHA2 as ligand directly interacts extracellularly with EFNA2 as receptor.,SUPPORT,SUPPORTED,"https://www.perplexity.ai/search?q=What-is-the-biological-relevance-of-the-ligand-and-receptor-pair-EPHA2%20EFNA2-based-on-Pubmed-ID-15777695,%2022568954",EPHA2,EFNA2,EPHA2 EFNA2,human,15777695
connectomedb,CDB25:0003535,EPHA2 as ligand directly interacts extracellularly with EFNA3 as receptor.,SUPPORT,SUPPORTED,"https://www.perplexity.ai/search?q=What-is-the-biological-relevance-of-the-ligand-and-receptor-pair-EPHA2%20EFNA3-based-on-Pubmed-ID-15777695,%2022568954",EPHA2,EFNA3,EPHA2 EFNA3,human,15777695
connectomedb,CDB25:0003536,EPHA2 as ligand directly interacts extracellularly with EFNA4 as receptor.,SUPPORT,SUPPORTED,"https://www.perplexity.ai/search?q=What-is-the-biological-relevance-of-the-ligand-and-receptor-pair-EPHA2%20EFNA4-based-on-Pubmed-ID-15777695,%2022568954",EPHA2,EFNA4,EPHA2 EFNA4,human,15777695
connectomedb,CDB25:0003537,EPHA2 as ligand directly interacts extracellularly with EFNA5 as receptor.,SUPPORT,SUPPORTED,"https://www.perplexity.ai/search?q=What-is-the-biological-relevance-of-the-ligand-and-receptor-pair-EPHA2%20EFNA5-based-on-Pubmed-ID-15777695,%2022568954",EPHA2,EFNA5,EPHA2 EFNA5,human,15777695
connectomedb,CDB25:0003542,EPHA3 as ligand directly interacts extracellularly with EFNA5 as receptor.,SUPPORT,SUPPORTED,"https://www.perplexity.ai/search?q=What-is-the-biological-relevance-of-the-ligand-and-receptor-pair-EPHA3%20EFNA5-based-on-Pubmed-ID-22568954,%2025993310",EPHA3,EFNA5,EPHA3 EFNA5,human,22568954
connectomedb,CDB25:0003547,EPHA4 as ligand directly interacts extracellularly with EFNA5 as receptor.,SUPPORT,SUPPORTED,"https://www.perplexity.ai/search?q=What-is-the-biological-relevance-of-the-ligand-and-receptor-pair-EPHA4%20EFNA5-based-on-Pubmed-ID-22568954,%2023959867",EPHA4,EFNA5,EPHA4 EFNA5,human,22568954
connectomedb,CDB25:0003564,EPHA7 as ligand directly interacts extracellularly with EFNA5 as receptor.,SUPPORT,SUPPORTED,"https://www.perplexity.ai/search?q=What-is-the-biological-relevance-of-the-ligand-and-receptor-pair-EPHA7%20EFNA5-based-on-Pubmed-ID-22568954,%2022976838",EPHA7,EFNA5,EPHA7 EFNA5,human,22568954
connectomedb,CDB25:0003571,EPHB1 as ligand directly interacts extracellularly with EFNB1 as receptor.,SUPPORT,SUPPORTED,"https://www.perplexity.ai/search?q=What-is-the-biological-relevance-of-the-ligand-and-receptor-pair-EPHB1%20EFNB1-based-on-Pubmed-ID-15777695,%2022568954",EPHB1,EFNB1,EPHB1 EFNB1,human,15777695
connectomedb,CDB25:0003572,EPHB1 as ligand directly interacts extracellularly with EFNB2 as receptor.,SUPPORT,SUPPORTED,"https://www.perplexity.ai/search?q=What-is-the-biological-relevance-of-the-ligand-and-receptor-pair-EPHB1%20EFNB2-based-on-Pubmed-ID-15777695,%2022568954",EPHB1,EFNB2,EPHB1 EFNB2,human,15777695
connectomedb,CDB25:0003585,EPHB3 as ligand directly interacts extracellularly with EFNB2 as receptor.,SUPPORT,SUPPORTED,"https://www.perplexity.ai/search?q=What-is-the-biological-relevance-of-the-ligand-and-receptor-pair-EPHB3%20EFNB2-based-on-Pubmed-ID-22568954,%2038426726",EPHB3,EFNB2,EPHB3 EFNB2,human,22568954
connectomedb,CDB25:0003586,EPHB3 as ligand directly interacts extracellularly with EFNB3 as receptor.,SUPPORT,SUPPORTED,"https://www.perplexity.ai/search?q=What-is-the-biological-relevance-of-the-ligand-and-receptor-pair-EPHB3%20EFNB3-based-on-Pubmed-ID-22568954,%2038426726",EPHB3,EFNB3,EPHB3 EFNB3,human,22568954
connectomedb,CDB25:0003589,EPHB4 as ligand directly interacts extracellularly with EFNB2 as receptor.,SUPPORT,SUPPORTED,"https://www.perplexity.ai/search?q=What-is-the-biological-relevance-of-the-ligand-and-receptor-pair-EPHB4%20EFNB2-based-on-Pubmed-ID-22568954,%2024348920",EPHB4,EFNB2,EPHB4 EFNB2,human,22568954
connectomedb,CDB25:0003599,F11R as ligand directly interacts extracellularly with ITGAL as receptor.,SUPPORT,SUPPORTED,"https://www.perplexity.ai/search?q=What-is-the-biological-relevance-of-the-ligand-and-receptor-pair-F11R%20ITGAL-based-on-Pubmed-ID-11812992,%2015528364",F11R,ITGAL,F11R ITGAL,human,11812992
connectomedb,CDB25:0003600,F11R as ligand directly interacts extracellularly with ITGB2 as receptor.,SUPPORT,SUPPORTED,"https://www.perplexity.ai/search?q=What-is-the-biological-relevance-of-the-ligand-and-receptor-pair-F11R%20ITGB2-based-on-Pubmed-ID-11812992,%2015528364",F11R,ITGB2,F11R ITGB2,human,11812992
connectomedb,CDB25:0003617,FGB as ligand directly interacts extracellularly with ITGB3 as receptor.,SUPPORT,SUPPORTED,"https://www.perplexity.ai/search?q=What-is-the-biological-relevance-of-the-ligand-and-receptor-pair-FGB%20ITGB3-based-on-Pubmed-ID-15031111,%202018974,%2023551977",FGB,ITGB3,FGB ITGB3,human,15031111
connectomedb,CDB25:0003619,FGF1 as ligand directly interacts extracellularly with ITGB3 as receptor.,SUPPORT,SUPPORTED,"https://www.perplexity.ai/search?q=What-is-the-biological-relevance-of-the-ligand-and-receptor-pair-FGF1%20ITGB3-based-on-Pubmed-ID-18441324,%2020422052",FGF1,ITGB3,FGF1 ITGB3,human,18441324
connectomedb,CDB25:0003633,FGG as ligand directly interacts extracellularly with ITGB3 as receptor.,SUPPORT,SUPPORTED,"https://www.perplexity.ai/search?q=What-is-the-biological-relevance-of-the-ligand-and-receptor-pair-FGG%20ITGB3-based-on-Pubmed-ID-15031111,%2015378069,%2018710925,%2023551977",FGG,ITGB3,FGG ITGB3,human,15031111
connectomedb,CDB25:0003642,FLRT2 as ligand directly interacts extracellularly with ADGRL3 as receptor.,SUPPORT,SUPPORTED,"https://www.perplexity.ai/search?q=What-is-the-biological-relevance-of-the-ligand-and-receptor-pair-FLRT2%20ADGRL3-based-on-Pubmed-ID-22405201,%2030477585",FLRT2,ADGRL3,FLRT2 ADGRL3,human,22405201
connectomedb,CDB25:0003649,FLRT3 as ligand directly interacts extracellularly with ADGRL1 as receptor.,SUPPORT,SUPPORTED,"https://www.perplexity.ai/search?q=What-is-the-biological-relevance-of-the-ligand-and-receptor-pair-FLRT3%20ADGRL1-based-on-Pubmed-ID-22405201,%2024273166,%2030477585",FLRT3,ADGRL1,FLRT3 ADGRL1,human,22405201
connectomedb,CDB25:0003650,FLRT3 as ligand directly interacts extracellularly with ADGRL3 as receptor.,SUPPORT,SUPPORTED,"https://www.perplexity.ai/search?q=What-is-the-biological-relevance-of-the-ligand-and-receptor-pair-FLRT3%20ADGRL3-based-on-Pubmed-ID-22405201,%2030477585,%2036746957",FLRT3,ADGRL3,FLRT3 ADGRL3,human,22405201
connectomedb,CDB25:0003680,GDF6 as ligand directly interacts extracellularly with ACVR2A as receptor.,SUPPORT,SUPPORTED,"https://www.perplexity.ai/search?q=What-is-the-biological-relevance-of-the-ligand-and-receptor-pair-GDF6%20ACVR2A-based-on-Pubmed-ID-16049014,%2021702718",GDF6,ACVR2A,GDF6 ACVR2A,human,16049014
connectomedb,CDB25:0003683,GDF7 as ligand directly interacts extracellularly with BMPR1B as receptor.,SUPPORT,SUPPORTED,"https://www.perplexity.ai/search?q=What-is-the-biological-relevance-of-the-ligand-and-receptor-pair-GDF7%20BMPR1B-based-on-Pubmed-ID-16049014,%2021702718",GDF7,BMPR1B,GDF7 BMPR1B,human,16049014
connectomedb,CDB25:0003700,GPR15LG as ligand directly interacts extracellularly with GPR15 as receptor.,SUPPORT,SUPPORTED,"https://www.perplexity.ai/search?q=What-is-the-biological-relevance-of-the-ligand-and-receptor-pair-GPR15LG%20GPR15-based-on-Pubmed-ID-38918398,%2040394646",GPR15LG,GPR15,GPR15LG GPR15,human,38918398
connectomedb,CDB25:0003704,HGF as ligand directly interacts extracellularly with NRP1 as receptor.,SUPPORT,SUPPORTED,"https://www.perplexity.ai/search?q=What-is-the-biological-relevance-of-the-ligand-and-receptor-pair-HGF%20NRP1-based-on-Pubmed-ID-15695515,%2018065694",HGF,NRP1,HGF NRP1,human,15695515
connectomedb,CDB25:0003709,HLA-A as ligand directly interacts extracellularly with CD8A as receptor.,SUPPORT,SUPPORTED,"https://www.perplexity.ai/search?q=What-is-the-biological-relevance-of-the-ligand-and-receptor-pair-HLA-A%20CD8A-based-on-Pubmed-ID-10809759,%2021645925",HLA-A,CD8A,HLA-A CD8A,human,10809759
connectomedb,CDB25:0003712,HLA-B as ligand directly interacts extracellularly with CD8A as receptor.,SUPPORT,SUPPORTED,"https://www.perplexity.ai/search?q=What-is-the-biological-relevance-of-the-ligand-and-receptor-pair-HLA-B%20CD8A-based-on-Pubmed-ID-10809759,%2029741477",HLA-B,CD8A,HLA-B CD8A,human,10809759
connectomedb,CDB25:0003717,HLA-C as ligand directly interacts extracellularly with KIR2DS1 as receptor.,SUPPORT,SUPPORTED,"https://www.perplexity.ai/search?q=What-is-the-biological-relevance-of-the-ligand-and-receptor-pair-HLA-C%20KIR2DS1-based-on-Pubmed-ID-7650491,%209464792",HLA-C,KIR2DS1,HLA-C KIR2DS1,human,7650491
connectomedb,CDB25:0003741,HSP90AA1 as ligand directly interacts extracellularly with LRP1 as receptor.,SUPPORT,SUPPORTED,"https://www.perplexity.ai/search?q=What-is-the-biological-relevance-of-the-ligand-and-receptor-pair-HSP90AA1%20LRP1-based-on-Pubmed-ID-11290339,%2031273033",HSP90AA1,LRP1,HSP90AA1 LRP1,human,11290339
connectomedb,CDB25:0003774,IGHG1 as ligand directly interacts extracellularly with FCGR3B as receptor.,SUPPORT,SUPPORTED,"https://www.perplexity.ai/search?q=What-is-the-biological-relevance-of-the-ligand-and-receptor-pair-IGHG1%20FCGR3B-based-on-Pubmed-ID-10917521,%2019018092",IGHG1,FCGR3B,IGHG1 FCGR3B,human,10917521
connectomedb,CDB25:0003778,IL16 as ligand directly interacts extracellularly with CD9 as receptor.,SUPPORT,SUPPORTED,"https://www.perplexity.ai/search?q=What-is-the-biological-relevance-of-the-ligand-and-receptor-pair-IL16%20CD9-based-on-Pubmed-ID-16144798,%2029884309",IL16,CD9,IL16 CD9,human,16144798
connectomedb,CDB25:0003787,IL1F10 as ligand directly interacts extracellularly with IL1RL2 as receptor.,SUPPORT,SUPPORTED,"https://www.perplexity.ai/search?q=What-is-the-biological-relevance-of-the-ligand-and-receptor-pair-IL1F10%20IL1RL2-based-on-Pubmed-ID-22315422,%2026892022",IL1F10,IL1RL2,IL1F10 IL1RL2,human,22315422
connectomedb,CDB25:0003798,IL36G as ligand directly interacts extracellularly with IL1RL2 as receptor.,SUPPORT,SUPPORTED,"https://www.perplexity.ai/search?q=What-is-the-biological-relevance-of-the-ligand-and-receptor-pair-IL36G%20IL1RL2-based-on-Pubmed-ID-11466363,%2014734551,%2029180446",IL36G,IL1RL2,IL36G IL1RL2,human,11466363
connectomedb,CDB25:0003804,INHBA as ligand directly interacts extracellularly with BMPR2 as receptor.,SUPPORT,SUPPORTED,"https://www.perplexity.ai/search?q=What-is-the-biological-relevance-of-the-ligand-and-receptor-pair-INHBA%20BMPR2-based-on-Pubmed-ID-12493742,%2035643319",INHBA,BMPR2,INHBA BMPR2,human,12493742
connectomedb,CDB25:0003805,INHBB as ligand directly interacts extracellularly with BMPR2 as receptor.,SUPPORT,SUPPORTED,"https://www.perplexity.ai/search?q=What-is-the-biological-relevance-of-the-ligand-and-receptor-pair-INHBB%20BMPR2-based-on-Pubmed-ID-28126904,%2035643319",INHBB,BMPR2,INHBB BMPR2,human,28126904
connectomedb,CDB25:0003808,INHBC as ligand directly interacts extracellularly with ACVR1C as receptor.,SUPPORT,SUPPORTED,"https://www.perplexity.ai/search?q=What-is-the-biological-relevance-of-the-ligand-and-receptor-pair-INHBC%20ACVR1C-based-on-Pubmed-ID-35736809,%2039283655",INHBC,ACVR1C,INHBC ACVR1C,human,35736809
connectomedb,CDB25:0003809,INHBE as ligand directly interacts extracellularly with ACVR1C as receptor.,SUPPORT,SUPPORTED,"https://www.perplexity.ai/search?q=What-is-the-biological-relevance-of-the-ligand-and-receptor-pair-INHBE%20ACVR1C-based-on-Pubmed-ID-37523551,%2038533769",INHBE,ACVR1C,INHBE ACVR1C,human,37523551
connectomedb,CDB25:0003824,IZUMO1 as ligand directly interacts extracellularly with IZUMO1R as receptor.,SUPPORT,SUPPORTED,"https://www.perplexity.ai/search?q=What-is-the-biological-relevance-of-the-ligand-and-receptor-pair-IZUMO1%20IZUMO1R-based-on-Pubmed-ID-27309808,%2030517645",IZUMO1,IZUMO1R,IZUMO1 IZUMO1R,human,27309808
connectomedb,CDB25:0003827,JAM3 as ligand directly interacts extracellularly with ITGAM as receptor.,SUPPORT,SUPPORTED,"https://www.perplexity.ai/search?q=What-is-the-biological-relevance-of-the-ligand-and-receptor-pair-JAM3%20ITGAM-based-on-Pubmed-ID-12208882,%2016093349",JAM3,ITGAM,JAM3 ITGAM,human,12208882
connectomedb,CDB25:0003828,JAM3 as ligand directly interacts extracellularly with ITGB2 as receptor.,SUPPORT,SUPPORTED,"https://www.perplexity.ai/search?q=What-is-the-biological-relevance-of-the-ligand-and-receptor-pair-JAM3%20ITGB2-based-on-Pubmed-ID-12208882,%2016093349",JAM3,ITGB2,JAM3 ITGB2,human,12208882
connectomedb,CDB25:0003840,L1CAM as ligand directly interacts extracellularly with ITGB1 as receptor.,SUPPORT,SUPPORTED,"https://www.perplexity.ai/search?q=What-is-the-biological-relevance-of-the-ligand-and-receptor-pair-L1CAM%20ITGB1-based-on-Pubmed-ID-8557754,%209396761",L1CAM,ITGB1,L1CAM ITGB1,human,8557754
connectomedb,CDB25:0003847,LAMA3 as ligand directly interacts extracellularly with ITGA3 as receptor.,SUPPORT,SUPPORTED,"https://www.perplexity.ai/search?q=What-is-the-biological-relevance-of-the-ligand-and-receptor-pair-LAMA3%20ITGA3-based-on-Pubmed-ID-16413178,%2016571677,%2023236172",LAMA3,ITGA3,LAMA3 ITGA3,human,16413178
connectomedb,CDB25:0003848,LAMA3 as ligand directly interacts extracellularly with ITGA6 as receptor.,SUPPORT,SUPPORTED,"https://www.perplexity.ai/search?q=What-is-the-biological-relevance-of-the-ligand-and-receptor-pair-LAMA3%20ITGA6-based-on-Pubmed-ID-12123670,%2016413178",LAMA3,ITGA6,LAMA3 ITGA6,human,12123670
connectomedb,CDB25:0003849,LAMA3 as ligand directly interacts extracellularly with ITGB1 as receptor.,SUPPORT,SUPPORTED,"https://www.perplexity.ai/search?q=What-is-the-biological-relevance-of-the-ligand-and-receptor-pair-LAMA3%20ITGB1-based-on-Pubmed-ID-12123670,%2016413178,%202032285",LAMA3,ITGB1,LAMA3 ITGB1,human,12123670
connectomedb,CDB25:0003850,LAMA3 as ligand directly interacts extracellularly with ITGB4 as receptor.,SUPPORT,SUPPORTED,"https://www.perplexity.ai/search?q=What-is-the-biological-relevance-of-the-ligand-and-receptor-pair-LAMA3%20ITGB4-based-on-Pubmed-ID-16413178,%2016571677",LAMA3,ITGB4,LAMA3 ITGB4,human,16413178
connectomedb,CDB25:0003860,LAMB2 as ligand directly interacts extracellularly with ITGA6 as receptor.,SUPPORT,SUPPORTED,"https://www.perplexity.ai/search?q=What-is-the-biological-relevance-of-the-ligand-and-receptor-pair-LAMB2%20ITGA6-based-on-Pubmed-ID-16413178,%207721947",LAMB2,ITGA6,LAMB2 ITGA6,human,16413178
connectomedb,CDB25:0003863,LAMB2 as ligand directly interacts extracellularly with ITGB4 as receptor.,SUPPORT,SUPPORTED,"https://www.perplexity.ai/search?q=What-is-the-biological-relevance-of-the-ligand-and-receptor-pair-LAMB2%20ITGB4-based-on-Pubmed-ID-16413178,%207721947",LAMB2,ITGB4,LAMB2 ITGB4,human,16413178
connectomedb,CDB25:0003919,LRRC4C as ligand directly interacts extracellularly with NTNG1 as receptor.,SUPPORT,SUPPORTED,"https://www.perplexity.ai/search?q=What-is-the-biological-relevance-of-the-ligand-and-receptor-pair-LRRC4C%20NTNG1-based-on-Pubmed-ID-14595443,%2023986473,%2025411505",LRRC4C,NTNG1,LRRC4C NTNG1,human,14595443
connectomedb,CDB25:0003920,LRRTM1 as ligand directly interacts extracellularly with NRXN1 as receptor.,SUPPORT,SUPPORTED,"https://www.perplexity.ai/search?q=What-is-the-biological-relevance-of-the-ligand-and-receptor-pair-LRRTM1%20NRXN1-based-on-Pubmed-ID-20519524,%2030262834",LRRTM1,NRXN1,LRRTM1 NRXN1,human,20519524
connectomedb,CDB25:0003923,LRRTM2 as ligand directly interacts extracellularly with NRXN1 as receptor.,SUPPORT,SUPPORTED,"https://www.perplexity.ai/search?q=What-is-the-biological-relevance-of-the-ligand-and-receptor-pair-LRRTM2%20NRXN1-based-on-Pubmed-ID-20064387,%2020064388,%2020519524,%2021424692,%2030262834",LRRTM2,NRXN1,LRRTM2 NRXN1,human,20064387
connectomedb,CDB25:0003938,MAG as ligand directly interacts extracellularly with RTN4R as receptor.,SUPPORT,SUPPORTED,"https://www.perplexity.ai/search?q=What-is-the-biological-relevance-of-the-ligand-and-receptor-pair-MAG%20RTN4R-based-on-Pubmed-ID-12160746,%2015673660",MAG,RTN4R,MAG RTN4R,human,12160746
connectomedb,CDB25:0003940,MBL2 as ligand directly interacts extracellularly with LRP1 as receptor.,SUPPORT,SUPPORTED,"https://www.perplexity.ai/search?q=What-is-the-biological-relevance-of-the-ligand-and-receptor-pair-MBL2%20LRP1-based-on-Pubmed-ID-11560994,%2021054788",MBL2,LRP1,MBL2 LRP1,human,11560994
connectomedb,CDB25:0003952,MMP1 as ligand directly interacts extracellularly with LRP1 as receptor.,SUPPORT,SUPPORTED,"https://www.perplexity.ai/search?q=What-is-the-biological-relevance-of-the-ligand-and-receptor-pair-MMP1%20LRP1-based-on-Pubmed-ID-32694578,%2032702237",MMP1,LRP1,MMP1 LRP1,human,32694578
connectomedb,CDB25:0003953,MMP14 as ligand directly interacts extracellularly with FLT1 as receptor.,SUPPORT,SUPPORTED,"https://www.perplexity.ai/search?q=What-is-the-biological-relevance-of-the-ligand-and-receptor-pair-MMP14%20FLT1-based-on-Pubmed-ID-26284550,%2027327585",MMP14,FLT1,MMP14 FLT1,human,26284550
connectomedb,CDB25:0003962,MSTN as ligand directly interacts extracellularly with ACVR2A as receptor.,SUPPORT,SUPPORTED,"https://www.perplexity.ai/search?q=What-is-the-biological-relevance-of-the-ligand-and-receptor-pair-MSTN%20ACVR2A-based-on-Pubmed-ID-11459935,%2025641196",MSTN,ACVR2A,MSTN ACVR2A,human,11459935
connectomedb,CDB25:0003970,NCAM1 as ligand directly interacts extracellularly with NCAM1 as receptor.,SUPPORT,SUPPORTED,"https://www.perplexity.ai/search?q=What-is-the-biological-relevance-of-the-ligand-and-receptor-pair-NCAM1%20NCAM1-based-on-Pubmed-ID-15118102,%2016510522",NCAM1,NCAM1,NCAM1 NCAM1,human,15118102
connectomedb,CDB25:0003974,NCAN as ligand directly interacts extracellularly with NCAM1 as receptor.,SUPPORT,SUPPORTED,"https://www.perplexity.ai/search?q=What-is-the-biological-relevance-of-the-ligand-and-receptor-pair-NCAN%20NCAM1-based-on-Pubmed-ID-29670169,%207513709",NCAN,NCAM1,NCAN NCAM1,human,29670169
connectomedb,CDB25:0003977,NECTIN3 as ligand directly interacts extracellularly with NECTIN1 as receptor.,SUPPORT,SUPPORTED,"https://www.perplexity.ai/search?q=What-is-the-biological-relevance-of-the-ligand-and-receptor-pair-NECTIN3%20NECTIN1-based-on-Pubmed-ID-11544254,%2012011057",NECTIN3,NECTIN1,NECTIN3 NECTIN1,human,11544254
connectomedb,CDB25:0003978,NECTIN4 as ligand directly interacts extracellularly with NECTIN1 as receptor.,SUPPORT,SUPPORTED,"https://www.perplexity.ai/search?q=What-is-the-biological-relevance-of-the-ligand-and-receptor-pair-NECTIN4%20NECTIN1-based-on-Pubmed-ID-11544254,%2012011057",NECTIN4,NECTIN1,NECTIN4 NECTIN1,human,11544254
connectomedb,CDB25:0003990,NPPC as ligand directly interacts extracellularly with NPR1 as receptor.,SUPPORT,SUPPORTED,"https://www.perplexity.ai/search?q=What-is-the-biological-relevance-of-the-ligand-and-receptor-pair-NPPC%20NPR1-based-on-Pubmed-ID-39261724,%207901875",NPPC,NPR1,NPPC NPR1,human,39261724
connectomedb,CDB25:0003993,NPTX2 as ligand directly interacts extracellularly with NPTXR as receptor.,SUPPORT,SUPPORTED,"https://www.perplexity.ai/search?q=What-is-the-biological-relevance-of-the-ligand-and-receptor-pair-NPTX2%20NPTXR-based-on-Pubmed-ID-30833544,%209261167",NPTX2,NPTXR,NPTX2 NPTXR,human,30833544
connectomedb,CDB25:0004025,NTM as ligand directly interacts extracellularly with NTM as receptor.,SUPPORT,SUPPORTED,"https://www.perplexity.ai/search?q=What-is-the-biological-relevance-of-the-ligand-and-receptor-pair-NTM%20NTM-based-on-Pubmed-ID-30956130,%209801370",NTM,NTM,NTM NTM,human,30956130
connectomedb,CDB25:0004027,NTN1 as ligand directly interacts extracellularly with DSCAM as receptor.,SUPPORT,SUPPORTED,"https://www.perplexity.ai/search?q=What-is-the-biological-relevance-of-the-ligand-and-receptor-pair-NTN1%20DSCAM-based-on-Pubmed-ID-18585357,%2019196994",NTN1,DSCAM,NTN1 DSCAM,human,18585357
connectomedb,CDB25:0004112,PLG as ligand directly interacts extracellularly with IGF2R as receptor.,SUPPORT,SUPPORTED,"https://www.perplexity.ai/search?q=What-is-the-biological-relevance-of-the-ligand-and-receptor-pair-PLG%20IGF2R-based-on-Pubmed-ID-12189157,%2021273553",PLG,IGF2R,PLG IGF2R,human,12189157
connectomedb,CDB25:0004117,POSTN as ligand directly interacts extracellularly with ITGAV as receptor.,SUPPORT,SUPPORTED,"https://www.perplexity.ai/search?q=What-is-the-biological-relevance-of-the-ligand-and-receptor-pair-POSTN%20ITGAV-based-on-Pubmed-ID-12235007,%2027905395",POSTN,ITGAV,POSTN ITGAV,human,12235007
connectomedb,CDB25:0004154,PTPRD as ligand directly interacts extracellularly with SLITRK2 as receptor.,SUPPORT,SUPPORTED,"https://www.perplexity.ai/search?q=What-is-the-biological-relevance-of-the-ligand-and-receptor-pair-PTPRD%20SLITRK2-based-on-Pubmed-ID-23345436,%2025989451",PTPRD,SLITRK2,PTPRD SLITRK2,human,23345436
connectomedb,CDB25:0004166,PTPRZ1 as ligand directly interacts extracellularly with CNTN1 as receptor.,SUPPORT,SUPPORTED,"https://www.perplexity.ai/search?q=What-is-the-biological-relevance-of-the-ligand-and-receptor-pair-PTPRZ1%20CNTN1-based-on-Pubmed-ID-10103110,%2020133774,%2021969550,%207628014",PTPRZ1,CNTN1,PTPRZ1 CNTN1,human,10103110
connectomedb,CDB25:0004192,RTN4R as ligand directly interacts extracellularly with ADGRB1 as receptor.,SUPPORT,SUPPORTED,"https://www.perplexity.ai/search?q=What-is-the-biological-relevance-of-the-ligand-and-receptor-pair-RTN4R%20ADGRB1-based-on-Pubmed-ID-30477585,%2034758294",RTN4R,ADGRB1,RTN4R ADGRB1,human,30477585
connectomedb,CDB25:0004194,RTN4RL1 as ligand directly interacts extracellularly with ADGRB1 as receptor.,SUPPORT,SUPPORTED,"https://www.perplexity.ai/search?q=What-is-the-biological-relevance-of-the-ligand-and-receptor-pair-RTN4RL1%20ADGRB1-based-on-Pubmed-ID-30477585,%2034758294",RTN4RL1,ADGRB1,RTN4RL1 ADGRB1,human,30477585
connectomedb,CDB25:0004196,RTN4RL2 as ligand directly interacts extracellularly with ADGRB1 as receptor.,SUPPORT,SUPPORTED,"https://www.perplexity.ai/search?q=What-is-the-biological-relevance-of-the-ligand-and-receptor-pair-RTN4RL2%20ADGRB1-based-on-Pubmed-ID-30477585,%2034758294",RTN4RL2,ADGRB1,RTN4RL2 ADGRB1,human,30477585
connectomedb,CDB25:0004207,S100A4 as ligand directly interacts extracellularly with ANXA2 as receptor.,SUPPORT,SUPPORTED,"https://www.perplexity.ai/search?q=What-is-the-biological-relevance-of-the-ligand-and-receptor-pair-S100A4%20ANXA2-based-on-Pubmed-ID-15788416,%2028669632",S100A4,ANXA2,S100A4 ANXA2,human,15788416
connectomedb,CDB25:0004234,S100B as ligand directly interacts extracellularly with AGER as receptor.,SUPPORT,SUPPORTED,"https://www.perplexity.ai/search?q=What-is-the-biological-relevance-of-the-ligand-and-receptor-pair-S100B%20AGER-based-on-Pubmed-ID-23729438,%2025945582",S100B,AGER,S100B AGER,human,23729438
connectomedb,CDB25:0004295,SHBG as ligand directly interacts extracellularly with GPRC6A as receptor.,SUPPORT,SUPPORTED,"https://www.perplexity.ai/search?q=What-is-the-biological-relevance-of-the-ligand-and-receptor-pair-SHBG%20GPRC6A-based-on-Pubmed-ID-27673554,%2031857654",SHBG,GPRC6A,SHBG GPRC6A,human,27673554
connectomedb,CDB25:0004301,SIGLEC9 as ligand directly interacts extracellularly with MUC1 as receptor.,SUPPORT,SUPPORTED,"https://www.perplexity.ai/search?q=What-is-the-biological-relevance-of-the-ligand-and-receptor-pair-SIGLEC9%20MUC1-based-on-Pubmed-ID-24045940,%2027595232",SIGLEC9,MUC1,SIGLEC9 MUC1,human,24045940
connectomedb,CDB25:0004309,SLPI as ligand directly interacts extracellularly with ANXA2 as receptor.,SUPPORT,SUPPORTED,"https://www.perplexity.ai/search?q=What-is-the-biological-relevance-of-the-ligand-and-receptor-pair-SLPI%20ANXA2-based-on-Pubmed-ID-15545357,%2021641406",SLPI,ANXA2,SLPI ANXA2,human,15545357
connectomedb,CDB25:0004333,SVEP1 as ligand directly interacts extracellularly with TIE1 as receptor.,SUPPORT,SUPPORTED,"https://www.perplexity.ai/search?q=What-is-the-biological-relevance-of-the-ligand-and-receptor-pair-SVEP1%20TIE1-based-on-Pubmed-ID-37097004,%2037338522",SVEP1,TIE1,SVEP1 TIE1,human,37097004
connectomedb,CDB25:0004352,TENM2 as ligand directly interacts extracellularly with ADGRL3 as receptor.,SUPPORT,SUPPORTED,"https://www.perplexity.ai/search?q=What-is-the-biological-relevance-of-the-ligand-and-receptor-pair-TENM2%20ADGRL3-based-on-Pubmed-ID-24273166,%2032358586,%2036746957",TENM2,ADGRL3,TENM2 ADGRL3,human,24273166
connectomedb,CDB25:0004354,TENM4 as ligand directly interacts extracellularly with ADGRL1 as receptor.,SUPPORT,SUPPORTED,"https://www.perplexity.ai/search?q=What-is-the-biological-relevance-of-the-ligand-and-receptor-pair-TENM4%20ADGRL1-based-on-Pubmed-ID-24273166,%2030477585",TENM4,ADGRL1,TENM4 ADGRL1,human,24273166
connectomedb,CDB25:0004366,TGFB3 as ligand directly interacts extracellularly with ITGAV as receptor.,SUPPORT,SUPPORTED,"https://www.perplexity.ai/search?q=What-is-the-biological-relevance-of-the-ligand-and-receptor-pair-TGFB3%20ITGAV-based-on-Pubmed-ID-11821050,%2025383667",TGFB3,ITGAV,TGFB3 ITGAV,human,11821050
connectomedb,CDB25:0004368,TGFB3 as ligand directly interacts extracellularly with ITGB6 as receptor.,SUPPORT,SUPPORTED,"https://www.perplexity.ai/search?q=What-is-the-biological-relevance-of-the-ligand-and-receptor-pair-TGFB3%20ITGB6-based-on-Pubmed-ID-11821050,%2025383667",TGFB3,ITGB6,TGFB3 ITGB6,human,11821050
connectomedb,CDB25:0004375,THBS1 as ligand directly interacts extracellularly with ITGAV as receptor.,SUPPORT,SUPPORTED,"https://www.perplexity.ai/search?q=What-is-the-biological-relevance-of-the-ligand-and-receptor-pair-THBS1%20ITGAV-based-on-Pubmed-ID-2478219,%2039304722",THBS1,ITGAV,THBS1 ITGAV,human,2478219
connectomedb,CDB25:0004386,THY1 as ligand directly interacts extracellularly with ITGAM as receptor.,SUPPORT,SUPPORTED,"https://www.perplexity.ai/search?q=What-is-the-biological-relevance-of-the-ligand-and-receptor-pair-THY1%20ITGAM-based-on-Pubmed-ID-15004192,%2015850796",THY1,ITGAM,THY1 ITGAM,human,15004192
connectomedb,CDB25:0004387,THY1 as ligand directly interacts extracellularly with ITGAV as receptor.,SUPPORT,SUPPORTED,"https://www.perplexity.ai/search?q=What-is-the-biological-relevance-of-the-ligand-and-receptor-pair-THY1%20ITGAV-based-on-Pubmed-ID-18346467,%2029212879,%2031672942",THY1,ITGAV,THY1 ITGAV,human,18346467
connectomedb,CDB25:0004389,THY1 as ligand directly interacts extracellularly with ITGB1 as receptor.,SUPPORT,SUPPORTED,"https://www.perplexity.ai/search?q=What-is-the-biological-relevance-of-the-ligand-and-receptor-pair-THY1%20ITGB1-based-on-Pubmed-ID-25216363,%2031672942",THY1,ITGB1,THY1 ITGB1,human,25216363
connectomedb,CDB25:0004390,THY1 as ligand directly interacts extracellularly with ITGB2 as receptor.,SUPPORT,SUPPORTED,"https://www.perplexity.ai/search?q=What-is-the-biological-relevance-of-the-ligand-and-receptor-pair-THY1%20ITGB2-based-on-Pubmed-ID-15004192,%2015850796",THY1,ITGB2,THY1 ITGB2,human,15004192
connectomedb,CDB25:0004391,THY1 as ligand directly interacts extracellularly with ITGB3 as receptor.,SUPPORT,SUPPORTED,"https://www.perplexity.ai/search?q=What-is-the-biological-relevance-of-the-ligand-and-receptor-pair-THY1%20ITGB3-based-on-Pubmed-ID-18346467,%2029212879",THY1,ITGB3,THY1 ITGB3,human,18346467
connectomedb,CDB25:0004395,TIMP1 as ligand directly interacts extracellularly with LRP1 as receptor.,SUPPORT,SUPPORTED,"https://www.perplexity.ai/search?q=What-is-the-biological-relevance-of-the-ligand-and-receptor-pair-TIMP1%20LRP1-based-on-Pubmed-ID-11279011,%2032702237",TIMP1,LRP1,TIMP1 LRP1,human,11279011
connectomedb,CDB25:0004397,TIMP2 as ligand directly interacts extracellularly with MMP2 as receptor.,SUPPORT,SUPPORTED,"https://www.perplexity.ai/search?q=What-is-the-biological-relevance-of-the-ligand-and-receptor-pair-TIMP2%20MMP2-based-on-Pubmed-ID-12755684,%2014631378",TIMP2,MMP2,TIMP2 MMP2,human,12755684
connectomedb,CDB25:0004436,VEGFA as ligand directly interacts extracellularly with CD44 as receptor.,SUPPORT,SUPPORTED,"https://www.perplexity.ai/search?q=What-is-the-biological-relevance-of-the-ligand-and-receptor-pair-VEGFA%20CD44-based-on-Pubmed-ID-26181364,%2027834687",VEGFA,CD44,VEGFA CD44,human,26181364
connectomedb,CDB25:0004449,VWF as ligand directly interacts extracellularly with ITGB3 as receptor.,SUPPORT,SUPPORTED,"https://www.perplexity.ai/search?q=What-is-the-biological-relevance-of-the-ligand-and-receptor-pair-VWF%20ITGB3-based-on-Pubmed-ID-1737795,%2018927433",VWF,ITGB3,VWF ITGB3,human,1737795
connectomedb,CDB25:0004453,WFIKKN2 as ligand directly interacts extracellularly with IGDCC3 as receptor.,SUPPORT,SUPPORTED,"https://www.perplexity.ai/search?q=What-is-the-biological-relevance-of-the-ligand-and-receptor-pair-WFIKKN2%20IGDCC3-based-on-Pubmed-ID-32822567,%2037398498",WFIKKN2,IGDCC3,WFIKKN2 IGDCC3,human,32822567
connectomedb,CDB25:0004454,WFIKKN2 as ligand directly interacts extracellularly with IGDCC4 as receptor.,SUPPORT,SUPPORTED,"https://www.perplexity.ai/search?q=What-is-the-biological-relevance-of-the-ligand-and-receptor-pair-WFIKKN2%20IGDCC4-based-on-Pubmed-ID-32822567,%2037398498",WFIKKN2,IGDCC4,WFIKKN2 IGDCC4,human,32822567
connectomedb,CDB25:0004455,WFIKKN2 as ligand directly interacts extracellularly with PRTG as receptor.,SUPPORT,SUPPORTED,"https://www.perplexity.ai/search?q=What-is-the-biological-relevance-of-the-ligand-and-receptor-pair-WFIKKN2%20PRTG-based-on-Pubmed-ID-32822567,%2037398498",WFIKKN2,PRTG,WFIKKN2 PRTG,human,32822567
connectomedb,CDB25:0004461,WNT10B as ligand directly interacts extracellularly with FZD6 as receptor.,SUPPORT,SUPPORTED,"https://www.perplexity.ai/search?q=What-is-the-biological-relevance-of-the-ligand-and-receptor-pair-WNT10B%20FZD6-based-on-Pubmed-ID-24873871,%2030594556,%2033497493",WNT10B,FZD6,WNT10B FZD6,human,24873871
connectomedb,CDB25:0004463,WNT10B as ligand directly interacts extracellularly with LRP6 as receptor.,SUPPORT,SUPPORTED,"https://www.perplexity.ai/search?q=What-is-the-biological-relevance-of-the-ligand-and-receptor-pair-WNT10B%20LRP6-based-on-Pubmed-ID-20713706,%2030594556",WNT10B,LRP6,WNT10B LRP6,human,20713706
connectomedb,CDB25:0004484,WNT3A as ligand directly interacts extracellularly with FZD4 as receptor.,SUPPORT,SUPPORTED,"https://www.perplexity.ai/search?q=What-is-the-biological-relevance-of-the-ligand-and-receptor-pair-WNT3A%20FZD4-based-on-Pubmed-ID-25605717,%2027458145,%2028733458,%2030304675",WNT3A,FZD4,WNT3A FZD4,human,25605717
connectomedb,CDB25:0004489,WNT3A as ligand directly interacts extracellularly with PTK7 as receptor.,SUPPORT,SUPPORTED,"https://www.perplexity.ai/search?q=What-is-the-biological-relevance-of-the-ligand-and-receptor-pair-WNT3A%20PTK7-based-on-Pubmed-ID-21772251,%2028420671",WNT3A,PTK7,WNT3A PTK7,human,21772251
connectomedb,CDB25:0004511,WNT6 as ligand directly interacts extracellularly with LRP6 as receptor.,SUPPORT,SUPPORTED,"https://www.perplexity.ai/search?q=What-is-the-biological-relevance-of-the-ligand-and-receptor-pair-WNT6%20LRP6-based-on-Pubmed-ID-20713706,%2033545636",WNT6,LRP6,WNT6 LRP6,human,20713706
connectomedb,CDB25:0004512,WNT7A as ligand directly interacts extracellularly with ADGRA2 as receptor.,SUPPORT,SUPPORTED,"https://www.perplexity.ai/search?q=What-is-the-biological-relevance-of-the-ligand-and-receptor-pair-WNT7A%20ADGRA2-based-on-Pubmed-ID-28289266,%2030304675",WNT7A,ADGRA2,WNT7A ADGRA2,human,28289266
connectomedb,CDB25:0004513,WNT7A as ligand directly interacts extracellularly with FZD4 as receptor.,SUPPORT,SUPPORTED,"https://www.perplexity.ai/search?q=What-is-the-biological-relevance-of-the-ligand-and-receptor-pair-WNT7A%20FZD4-based-on-Pubmed-ID-27458145,%2030304675",WNT7A,FZD4,WNT7A FZD4,human,27458145
connectomedb,CDB25:0004515,WNT7A as ligand directly interacts extracellularly with FZD7 as receptor.,SUPPORT,SUPPORTED,"https://www.perplexity.ai/search?q=What-is-the-biological-relevance-of-the-ligand-and-receptor-pair-WNT7A%20FZD7-based-on-Pubmed-ID-28733458,%2036420144",WNT7A,FZD7,WNT7A FZD7,human,28733458
connectomedb,CDB25:0004516,WNT7A as ligand directly interacts extracellularly with FZD8 as receptor.,SUPPORT,SUPPORTED,"https://www.perplexity.ai/search?q=What-is-the-biological-relevance-of-the-ligand-and-receptor-pair-WNT7A%20FZD8-based-on-Pubmed-ID-28733458,%2030304675",WNT7A,FZD8,WNT7A FZD8,human,28733458
connectomedb,CDB25:0004519,WNT7B as ligand directly interacts extracellularly with ADGRA2 as receptor.,SUPPORT,SUPPORTED,"https://www.perplexity.ai/search?q=What-is-the-biological-relevance-of-the-ligand-and-receptor-pair-WNT7B%20ADGRA2-based-on-Pubmed-ID-28289266,%2030304675",WNT7B,ADGRA2,WNT7B ADGRA2,human,28289266
connectomedb,CDB25:0004522,WNT7B as ligand directly interacts extracellularly with LRP6 as receptor.,SUPPORT,SUPPORTED,"https://www.perplexity.ai/search?q=What-is-the-biological-relevance-of-the-ligand-and-receptor-pair-WNT7B%20LRP6-based-on-Pubmed-ID-20713706,%2033545636",WNT7B,LRP6,WNT7B LRP6,human,20713706
connectomedb,CDB25:0004524,WNT8A as ligand directly interacts extracellularly with LRP6 as receptor.,SUPPORT,SUPPORTED,"https://www.perplexity.ai/search?q=What-is-the-biological-relevance-of-the-ligand-and-receptor-pair-WNT8A%20LRP6-based-on-Pubmed-ID-12900447,%2033545636",WNT8A,LRP6,WNT8A LRP6,human,12900447
connectomedb,CDB25:0004529,WNT8B as ligand directly interacts extracellularly with LRP6 as receptor.,SUPPORT,SUPPORTED,"https://www.perplexity.ai/search?q=What-is-the-biological-relevance-of-the-ligand-and-receptor-pair-WNT8B%20LRP6-based-on-Pubmed-ID-12900447,%2033545636",WNT8B,LRP6,WNT8B LRP6,human,12900447
connectomedb,CDB25:0004536,WNT9A as ligand directly interacts extracellularly with LRP6 as receptor.,SUPPORT,SUPPORTED,"https://www.perplexity.ai/search?q=What-is-the-biological-relevance-of-the-ligand-and-receptor-pair-WNT9A%20LRP6-based-on-Pubmed-ID-20713706,%2033545636",WNT9A,LRP6,WNT9A LRP6,human,20713706
connectomedb,CDB25:0003149,App as ligand directly interacts extracellularly with Cntn3 as receptor.,SUPPORT,SUPPORTED,"https://www.perplexity.ai/search?q=What-is-the-biological-relevance-of-the-ligand-and-receptor-pair-App%20Cntn3-based-on-Pubmed-ID-31318883,%2034958801-in-mouse",App,Cntn3,App Cntn3,mouse,31318883
connectomedb,CDB25:0003150,App as ligand directly interacts extracellularly with Cntn4 as receptor.,SUPPORT,SUPPORTED,"https://www.perplexity.ai/search?q=What-is-the-biological-relevance-of-the-ligand-and-receptor-pair-App%20Cntn4-based-on-Pubmed-ID-31318883,%2034958801-in-mouse",App,Cntn4,App Cntn4,mouse,31318883
connectomedb,CDB25:0003279,Cd24a as ligand directly interacts extracellularly with L1cam as receptor.,SUPPORT,SUPPORTED,"https://www.perplexity.ai/search?q=What-is-the-biological-relevance-of-the-ligand-and-receptor-pair-Cd24a%20L1cam-based-on-Pubmed-ID-11283023,%209048906-in-mouse",Cd24a,L1cam,Cd24a L1cam,mouse,11283023
connectomedb,CDB25:0003305,Cdh2 as ligand directly interacts extracellularly with Klrg1 as receptor.,SUPPORT,SUPPORTED,"https://www.perplexity.ai/search?q=What-is-the-biological-relevance-of-the-ligand-and-receptor-pair-Cdh2%20Klrg1-based-on-Pubmed-ID-16461340,%2019855082-in-mouse",Cdh2,Klrg1,Cdh2 Klrg1,mouse,16461340
connectomedb,CDB25:0003539,Epha3 as ligand directly interacts extracellularly with Efna2 as receptor.,SUPPORT,SUPPORTED,"https://www.perplexity.ai/search?q=What-is-the-biological-relevance-of-the-ligand-and-receptor-pair-Epha3%20Efna2-based-on-Pubmed-ID-10958785,%2022568954-in-mouse",Epha3,Efna2,Epha3 Efna2,mouse,10958785
connectomedb,CDB25:0003581,Ephb2 as ligand directly interacts extracellularly with Efnb3 as receptor.,SUPPORT,SUPPORTED,"https://www.perplexity.ai/search?q=What-is-the-biological-relevance-of-the-ligand-and-receptor-pair-Ephb2%20Efnb3-based-on-Pubmed-ID-20410461,%2022568954-in-mouse",Ephb2,Efnb3,Ephb2 Efnb3,mouse,20410461
connectomedb,CDB25:0003637,Flrt1 as ligand directly interacts extracellularly with Unc5b as receptor.,SUPPORT,SUPPORTED,"https://www.perplexity.ai/search?q=What-is-the-biological-relevance-of-the-ligand-and-receptor-pair-Flrt1%20Unc5b-based-on-Pubmed-ID-21673655,%2026633812-in-mouse",Flrt1,Unc5b,Flrt1 Unc5b,mouse,21673655
connectomedb,CDB25:0003646,Flrt2 as ligand directly interacts extracellularly with Unc5b as receptor.,SUPPORT,SUPPORTED,"https://www.perplexity.ai/search?q=What-is-the-biological-relevance-of-the-ligand-and-receptor-pair-Flrt2%20Unc5b-based-on-Pubmed-ID-21673655,%2026633812,%2028576770-in-mouse",Flrt2,Unc5b,Flrt2 Unc5b,mouse,21673655
connectomedb,CDB25:0003648,Flrt2 as ligand directly interacts extracellularly with Unc5d as receptor.,SUPPORT,SUPPORTED,"https://www.perplexity.ai/search?q=What-is-the-biological-relevance-of-the-ligand-and-receptor-pair-Flrt2%20Unc5d-based-on-Pubmed-ID-21673655,%2026633812-in-mouse",Flrt2,Unc5d,Flrt2 Unc5d,mouse,21673655
connectomedb,CDB25:0003651,Flrt3 as ligand directly interacts extracellularly with Flrt3 as receptor.,SUPPORT,SUPPORTED,"https://www.perplexity.ai/search?q=What-is-the-biological-relevance-of-the-ligand-and-receptor-pair-Flrt3%20Flrt3-based-on-Pubmed-ID-16440004,%2025374360-in-mouse",Flrt3,Flrt3,Flrt3 Flrt3,mouse,16440004
connectomedb,CDB25:0003652,Flrt3 as ligand directly interacts extracellularly with Unc5b as receptor.,SUPPORT,SUPPORTED,"https://www.perplexity.ai/search?q=What-is-the-biological-relevance-of-the-ligand-and-receptor-pair-Flrt3%20Unc5b-based-on-Pubmed-ID-21673655,%2026633812-in-mouse",Flrt3,Unc5b,Flrt3 Unc5b,mouse,21673655
connectomedb,CDB25:0003654,Flrt3 as ligand directly interacts extracellularly with Unc5d as receptor.,SUPPORT,SUPPORTED,"https://www.perplexity.ai/search?q=What-is-the-biological-relevance-of-the-ligand-and-receptor-pair-Flrt3%20Unc5d-based-on-Pubmed-ID-21673655,%2026633812-in-mouse",Flrt3,Unc5d,Flrt3 Unc5d,mouse,21673655
connectomedb,CDB25:0003788,Il1rap as ligand directly interacts extracellularly with Ptprd as receptor.,SUPPORT,SUPPORTED,"https://www.perplexity.ai/search?q=What-is-the-biological-relevance-of-the-ligand-and-receptor-pair-Il1rap%20Ptprd-based-on-Pubmed-ID-22357843,%2025908590-in-mouse",Il1rap,Ptprd,Il1rap Ptprd,mouse,22357843
connectomedb,CDB25:0003834,Klrg1 as ligand directly interacts extracellularly with Cdh1 as receptor.,SUPPORT,SUPPORTED,"https://www.perplexity.ai/search?q=What-is-the-biological-relevance-of-the-ligand-and-receptor-pair-Klrg1%20Cdh1-based-on-Pubmed-ID-16461340,%2019855082-in-mouse",Klrg1,Cdh1,Klrg1 Cdh1,mouse,16461340
connectomedb,CDB25:0003835,Klrg1 as ligand directly interacts extracellularly with Cdh2 as receptor.,SUPPORT,SUPPORTED,"https://www.perplexity.ai/search?q=What-is-the-biological-relevance-of-the-ligand-and-receptor-pair-Klrg1%20Cdh2-based-on-Pubmed-ID-16461340,%2019855082-in-mouse",Klrg1,Cdh2,Klrg1 Cdh2,mouse,16461340
connectomedb,CDB25:0003945,Mfge8 as ligand directly interacts extracellularly with Itgb1 as receptor.,SUPPORT,SUPPORTED,"https://www.perplexity.ai/search?q=What-is-the-biological-relevance-of-the-ligand-and-receptor-pair-Mfge8%20Itgb1-based-on-Pubmed-ID-27092791,%2034041925-in-mouse",Mfge8,Itgb1,Mfge8 Itgb1,mouse,27092791
connectomedb,CDB25:0004012,Nrxn1 as ligand directly interacts extracellularly with Lrrtm2 as receptor.,SUPPORT,SUPPORTED,"https://www.perplexity.ai/search?q=What-is-the-biological-relevance-of-the-ligand-and-receptor-pair-Nrxn1%20Lrrtm2-based-on-Pubmed-ID-20064387,%2039394199-in-mouse",Nrxn1,Lrrtm2,Nrxn1 Lrrtm2,mouse,20064387
connectomedb,CDB25:0004014,Nrxn1 as ligand directly interacts extracellularly with Lrrtm4 as receptor.,SUPPORT,SUPPORTED,"https://www.perplexity.ai/search?q=What-is-the-biological-relevance-of-the-ligand-and-receptor-pair-Nrxn1%20Lrrtm4-based-on-Pubmed-ID-20064387,%2023911103,%2031995730-in-mouse",Nrxn1,Lrrtm4,Nrxn1 Lrrtm4,mouse,20064387
connectomedb,CDB25:0004017,Nrxn1 as ligand directly interacts extracellularly with Nlgn3 as receptor.,SUPPORT,SUPPORTED,"https://www.perplexity.ai/search?q=What-is-the-biological-relevance-of-the-ligand-and-receptor-pair-Nrxn1%20Nlgn3-based-on-Pubmed-ID-17042500,%2033758193-in-mouse",Nrxn1,Nlgn3,Nrxn1 Nlgn3,mouse,17042500
connectomedb,CDB25:0004026,Ntn1 as ligand directly interacts extracellularly with App as receptor.,SUPPORT,SUPPORTED,"https://www.perplexity.ai/search?q=What-is-the-biological-relevance-of-the-ligand-and-receptor-pair-Ntn1%20App-based-on-Pubmed-ID-19148186,%2022782894-in-mouse",Ntn1,App,Ntn1 App,mouse,19148186
connectomedb,CDB25:0004056,Pcdhb6 as ligand directly interacts extracellularly with Pcdhb6 as receptor.,SUPPORT,SUPPORTED,"https://www.perplexity.ai/search?q=What-is-the-biological-relevance-of-the-ligand-and-receptor-pair-Pcdhb6%20Pcdhb6-based-on-Pubmed-ID-25171406,%2035253643-in-mouse",Pcdhb6,Pcdhb6,Pcdhb6 Pcdhb6,mouse,25171406
connectomedb,CDB25:0004058,Pcdhga10 as ligand directly interacts extracellularly with Pcdhga10 as receptor.,SUPPORT,SUPPORTED,"https://www.perplexity.ai/search?q=What-is-the-biological-relevance-of-the-ligand-and-receptor-pair-Pcdhga10%20Pcdhga10-based-on-Pubmed-ID-20679223,%2025171406-in-mouse",Pcdhga10,Pcdhga10,Pcdhga10 Pcdhga10,mouse,20679223
connectomedb,CDB25:0004062,Pcdhga3 as ligand directly interacts extracellularly with Pcdhga3 as receptor.,SUPPORT,SUPPORTED,"https://www.perplexity.ai/search?q=What-is-the-biological-relevance-of-the-ligand-and-receptor-pair-Pcdhga3%20Pcdhga3-based-on-Pubmed-ID-20679223,%2025171406,%2027068704-in-mouse",Pcdhga3,Pcdhga3,Pcdhga3 Pcdhga3,mouse,20679223
connectomedb,CDB25:0004067,Pcdhga8 as ligand directly interacts extracellularly with Pcdhga8 as receptor.,SUPPORT,SUPPORTED,"https://www.perplexity.ai/search?q=What-is-the-biological-relevance-of-the-ligand-and-receptor-pair-Pcdhga8%20Pcdhga8-based-on-Pubmed-ID-25171406,%2035253643-in-mouse",Pcdhga8,Pcdhga8,Pcdhga8 Pcdhga8,mouse,25171406
connectomedb,CDB25:0004068,Pcdhga9 as ligand directly interacts extracellularly with Pcdhga9 as receptor.,SUPPORT,SUPPORTED,"https://www.perplexity.ai/search?q=What-is-the-biological-relevance-of-the-ligand-and-receptor-pair-Pcdhga9%20Pcdhga9-based-on-Pubmed-ID-25171406,%2035253643-in-mouse",Pcdhga9,Pcdhga9,Pcdhga9 Pcdhga9,mouse,25171406
connectomedb,CDB25:0004070,Pcdhgb2 as ligand directly interacts extracellularly with Pcdhgb2 as receptor.,SUPPORT,SUPPORTED,"https://www.perplexity.ai/search?q=What-is-the-biological-relevance-of-the-ligand-and-receptor-pair-Pcdhgb2%20Pcdhgb2-based-on-Pubmed-ID-20679223,%2025171406,%2035253643-in-mouse",Pcdhgb2,Pcdhgb2,Pcdhgb2 Pcdhgb2,mouse,20679223
connectomedb,CDB25:0004075,Pcdhgc3 as ligand directly interacts extracellularly with Pcdhgc3 as receptor.,SUPPORT,SUPPORTED,"https://www.perplexity.ai/search?q=What-is-the-biological-relevance-of-the-ligand-and-receptor-pair-Pcdhgc3%20Pcdhgc3-based-on-Pubmed-ID-20679223,%2025171406-in-mouse",Pcdhgc3,Pcdhgc3,Pcdhgc3 Pcdhgc3,mouse,20679223
connectomedb,CDB25:0004149,Ptprd as ligand directly interacts extracellularly with Il1rap as receptor.,SUPPORT,SUPPORTED,"https://www.perplexity.ai/search?q=What-is-the-biological-relevance-of-the-ligand-and-receptor-pair-Ptprd%20Il1rap-based-on-Pubmed-ID-22357843,%2025908590-in-mouse",Ptprd,Il1rap,Ptprd Il1rap,mouse,22357843
connectomedb,CDB25:0004150,Ptprd as ligand directly interacts extracellularly with Il1rapl1 as receptor.,SUPPORT,SUPPORTED,"https://www.perplexity.ai/search?q=What-is-the-biological-relevance-of-the-ligand-and-receptor-pair-Ptprd%20Il1rapl1-based-on-Pubmed-ID-21926414,%2025908590-in-mouse",Ptprd,Il1rapl1,Ptprd Il1rapl1,mouse,21926414
connectomedb,CDB25:0004263,Sema3d as ligand directly interacts extracellularly with Plxnd1 as receptor.,SUPPORT,SUPPORTED,"https://www.perplexity.ai/search?q=What-is-the-biological-relevance-of-the-ligand-and-receptor-pair-Sema3d%20Plxnd1-based-on-Pubmed-ID-26243191,%2027799363-in-mouse",Sema3d,Plxnd1,Sema3d Plxnd1,mouse,26243191
connectomedb,CDB25:0004273,Sema5a as ligand directly interacts extracellularly with Plxna1 as receptor.,SUPPORT,SUPPORTED,"https://www.perplexity.ai/search?q=What-is-the-biological-relevance-of-the-ligand-and-receptor-pair-Sema5a%20Plxna1-based-on-Pubmed-ID-25313870,%2026633812-in-mouse",Sema5a,Plxna1,Sema5a Plxna1,mouse,25313870
connectomedb,CDB25:0004275,Sema6b as ligand directly interacts extracellularly with Plxna4 as receptor.,SUPPORT,SUPPORTED,"https://www.perplexity.ai/search?q=What-is-the-biological-relevance-of-the-ligand-and-receptor-pair-Sema6b%20Plxna4-based-on-Pubmed-ID-15814794,%2026633812-in-mouse",Sema6b,Plxna4,Sema6b Plxna4,mouse,15814794
connectomedb,CDB25:0004277,Sema6c as ligand directly interacts extracellularly with Plxna1 as receptor.,SUPPORT,SUPPORTED,"https://www.perplexity.ai/search?q=What-is-the-biological-relevance-of-the-ligand-and-receptor-pair-Sema6c%20Plxna1-based-on-Pubmed-ID-17145500,%2022632726-in-mouse",Sema6c,Plxna1,Sema6c Plxna1,mouse,17145500
connectomedb,CDB25:0004307,Slit3 as ligand directly interacts extracellularly with Plxna1 as receptor.,SUPPORT,SUPPORTED,"https://www.perplexity.ai/search?q=What-is-the-biological-relevance-of-the-ligand-and-receptor-pair-Slit3%20Plxna1-based-on-Pubmed-ID-25485759,%2039386533-in-mouse",Slit3,Plxna1,Slit3 Plxna1,mouse,25485759
connectomedb,CDB25:0004426,Unc5b as ligand directly interacts extracellularly with Flrt2 as receptor.,SUPPORT,SUPPORTED,"https://www.perplexity.ai/search?q=What-is-the-biological-relevance-of-the-ligand-and-receptor-pair-Unc5b%20Flrt2-based-on-Pubmed-ID-21673655,%2026633812-in-mouse",Unc5b,Flrt2,Unc5b Flrt2,mouse,21673655
connectomedb,CDB25:0004433,Unc5d as ligand directly interacts extracellularly with Flrt2 as receptor.,SUPPORT,SUPPORTED,"https://www.perplexity.ai/search?q=What-is-the-biological-relevance-of-the-ligand-and-receptor-pair-Unc5d%20Flrt2-based-on-Pubmed-ID-21673655,%2026633812-in-mouse",Unc5d,Flrt2,Unc5d Flrt2,mouse,21673655
connectomedb,CDB25:0003924,Lrrtm2 as ligand directly interacts extracellularly with Nrxn2 as receptor.,SUPPORT,SUPPORTED,"https://www.perplexity.ai/search?q=What-is-the-biological-relevance-of-the-ligand-and-receptor-pair-Lrrtm2%20Nrxn2-based-on-Pubmed-ID-20519524,%2021424692-in-rat",Lrrtm2,Nrxn2,Lrrtm2 Nrxn2,rat,20519524
connectomedb,CDB25:0003981,Nfasc as ligand directly interacts extracellularly with Nrcam as receptor.,SUPPORT,SUPPORTED,"https://www.perplexity.ai/search?q=What-is-the-biological-relevance-of-the-ligand-and-receptor-pair-Nfasc%20Nrcam-based-on-Pubmed-ID-8922386,%209321706-in-rat",Nfasc,Nrcam,Nfasc Nrcam,rat,8922386
connectomedb,CDB25:0004350,Tenm2 as ligand directly interacts extracellularly with Adgrl1 as receptor.,SUPPORT,SUPPORTED,"https://www.perplexity.ai/search?q=What-is-the-biological-relevance-of-the-ligand-and-receptor-pair-Tenm2%20Adgrl1-based-on-Pubmed-ID-21724987,%2024273166-in-rat",Tenm2,Adgrl1,Tenm2 Adgrl1,rat,21724987
connectomedb,AANAT MTNR1A,AANAT as ligand directly interacts extracellularly with MTNR1A as receptor.,REFUTE,REFUTED,Not a protein-protein interaction,AANAT,MTNR1A,AANAT MTNR1A,,PMID:12943195
connectomedb,AANAT MTNR1B,AANAT as ligand directly interacts extracellularly with MTNR1B as receptor.,REFUTE,REFUTED,Not a protein-protein interaction,AANAT,MTNR1B,AANAT MTNR1B,,PMID:12943195
connectomedb,AFDN EPHA7,AFDN as ligand directly interacts extracellularly with EPHA7 as receptor.,REFUTE,REFUTED,Intracellular interaction,AFDN,EPHA7,AFDN EPHA7,,PMID:9707552
connectomedb,AFDN EPHB2,AFDN as ligand directly interacts extracellularly with EPHB2 as receptor.,REFUTE,REFUTED,Intracellular interaction,AFDN,EPHB2,AFDN EPHB2,,PMID:9707552
connectomedb,AFDN EPHB3,AFDN as ligand directly interacts extracellularly with EPHB3 as receptor.,REFUTE,REFUTED,Intracellular interaction,AFDN,EPHB3,AFDN EPHB3,,PMID:9707552
connectomedb,AFDN EPHB6,AFDN as ligand directly interacts extracellularly with EPHB6 as receptor.,REFUTE,REFUTED,Intracellular interaction,AFDN,EPHB6,AFDN EPHB6,,PMID:9707552
connectomedb,AFDN F11R,AFDN as ligand directly interacts extracellularly with F11R as receptor.,REFUTE,REFUTED,Intracellular interaction,AFDN,F11R,AFDN F11R,,PMID:10856295
connectomedb,AFDN NECTIN1,AFDN as ligand directly interacts extracellularly with NECTIN1 as receptor.,REFUTE,REFUTED,Intracellular interaction,AFDN,NECTIN1,AFDN NECTIN1,,PMID:10225955
connectomedb,AFDN NECTIN2,AFDN as ligand directly interacts extracellularly with NECTIN2 as receptor.,REFUTE,REFUTED,Intracellular interaction,AFDN,NECTIN2,AFDN NECTIN2,,PMID:10225955
connectomedb,AFDN NECTIN3,AFDN as ligand directly interacts extracellularly with NECTIN3 as receptor.,REFUTE,REFUTED,Intracellular interaction,AFDN,NECTIN3,AFDN NECTIN3,,PMID:10744716
connectomedb,AFDN NECTIN4,AFDN as ligand directly interacts extracellularly with NECTIN4 as receptor.,REFUTE,REFUTED,Intracellular interaction,AFDN,NECTIN4,AFDN NECTIN4,,PMID:11544254
connectomedb,AMELX LAMP1,AMELX as ligand directly interacts extracellularly with LAMP1 as receptor.,REFUTE,REFUTED,Intracellular interaction,AMELX,LAMP1,AMELX LAMP1,,PMID:20382373
connectomedb,AMELX LAMP2,AMELX as ligand directly interacts extracellularly with LAMP2 as receptor.,REFUTE,REFUTED,Intracellular interaction,AMELX,LAMP2,AMELX LAMP2,,PMID:17708745
connectomedb,AMELY LAMP1,AMELY as ligand directly interacts extracellularly with LAMP1 as receptor.,REFUTE,REFUTED,Intracellular interaction,AMELY,LAMP1,AMELY LAMP1,,PMID:20382373
connectomedb,AMELY LAMP2,AMELY as ligand directly interacts extracellularly with LAMP2 as receptor.,REFUTE,REFUTED,Intracellular interaction,AMELY,LAMP2,AMELY LAMP2,,PMID:17708745
connectomedb,APP TNFRSF21,APP as ligand directly interacts extracellularly with TNFRSF21 as receptor.,REFUTE,REFUTED,Retracted article,APP,TNFRSF21,APP TNFRSF21,,PMID:19225519
connectomedb,ARF1 CHRM3,ARF1 as ligand directly interacts extracellularly with CHRM3 as receptor.,REFUTE,REFUTED,Intracellular interaction,ARF1,CHRM3,ARF1 CHRM3,,PMID:12799371
connectomedb,ARF1 INSR,ARF1 as ligand directly interacts extracellularly with INSR as receptor.,REFUTE,REFUTED,Intracellular interaction,ARF1,INSR,ARF1 INSR,,PMID:9197239
connectomedb,ARF1 PLD2,ARF1 as ligand directly interacts extracellularly with PLD2 as receptor.,REFUTE,REFUTED,Intracellular interaction,ARF1,PLD2,ARF1 PLD2,,PMID:12519790
connectomedb,B2M CD1A,B2M as ligand directly interacts extracellularly with CD1A as receptor.,REFUTE,REFUTED,Not a ligand-receptor pair,B2M,CD1A,B2M CD1A,,PMID:12833155
connectomedb,B2M CD1B,B2M as ligand directly interacts extracellularly with CD1B as receptor.,REFUTE,REFUTED,Not a ligand-receptor pair,B2M,CD1B,B2M CD1B,,PMID:12118248
connectomedb,B2M HLA-F,B2M as ligand directly interacts extracellularly with HLA-F as receptor.,REFUTE,REFUTED,Not a ligand-receptor pair,B2M,HLA-F,B2M HLA-F,,PMID:11169396
connectomedb,B2M LILRB1,B2M as ligand directly interacts extracellularly with LILRB1 as receptor.,REFUTE,REFUTED,Not a ligand-receptor pair,B2M,LILRB1,B2M LILRB1,,PMID:12897781
connectomedb,BDNF SORT1,BDNF as ligand directly interacts extracellularly with SORT1 as receptor.,REFUTE,REFUTED,Intracellular interaction,BDNF,SORT1,BDNF SORT1,,PMID:15987945
connectomedb,BTLA VTCN1,BTLA as ligand directly interacts extracellularly with VTCN1 as receptor.,REFUTE,REFUTED,Wrong direction,BTLA,VTCN1,BTLA VTCN1,,PMID:12796776
connectomedb,C3 CD46,C3 as ligand directly interacts extracellularly with CD46 as receptor.,REFUTE,REFUTED,In-cis interaction,C3,CD46,C3 CD46,,PMID:1717583
connectomedb,CALR ITGA3,CALR as ligand directly interacts extracellularly with ITGA3 as receptor.,REFUTE,REFUTED,Intracellular interaction,CALR,ITGA3,CALR ITGA3,,PMID:8006073
connectomedb,CALR ITGAV,CALR as ligand directly interacts extracellularly with ITGAV as receptor.,REFUTE,REFUTED,Intracellular interaction,CALR,ITGAV,CALR ITGAV,,PMID:12196561
connectomedb,CALR MTNR1A,CALR as ligand directly interacts extracellularly with MTNR1A as receptor.,REFUTE,REFUTED,Intracellular interaction,CALR,MTNR1A,CALR MTNR1A,,PMID:17215244
connectomedb,CALR TSHR,CALR as ligand directly interacts extracellularly with TSHR as receptor.,REFUTE,REFUTED,Intracellular interaction,CALR,TSHR,CALR TSHR,,PMID:12383251
connectomedb,CD99 PILRB,CD99 as ligand directly interacts extracellularly with PILRB as receptor.,REFUTE,REFUTED,Negligible binding,CD99,PILRB,CD99 PILRB,,PMID:18234675
connectomedb,CDH1 EGFR,CDH1 as ligand directly interacts extracellularly with EGFR as receptor.,REFUTE,REFUTED,In-cis interaction,CDH1,EGFR,CDH1 EGFR,,PMID:10969083
connectomedb,CDH1 PTPRM,CDH1 as ligand directly interacts extracellularly with PTPRM as receptor.,REFUTE,REFUTED,Intracellular interaction,CDH1,PTPRM,CDH1 PTPRM,,PMID:9531566
connectomedb,CLCF1 CRLF1,CLCF1 as ligand directly interacts extracellularly with CRLF1 as receptor.,REFUTE,REFUTED,Not a ligand-receptor pair,CLCF1,CRLF1,CLCF1 CRLF1,,PMID:10966616
connectomedb,COL1A1 CD36,COL1A1 as ligand directly interacts extracellularly with CD36 as receptor.,UNCERTAIN,UNCERTAIN,Old paper without gene symbol,COL1A1,CD36,COL1A1 CD36,,PMID:2468670
connectomedb,COL1A1 CD93,COL1A1 as ligand directly interacts extracellularly with CD93 as receptor.,UNCERTAIN,UNCERTAIN,Old paper without gene symbol,COL1A1,CD93,COL1A1 CD93,,PMID:1377218
connectomedb,COL1A2 CD93,COL1A2 as ligand directly interacts extracellularly with CD93 as receptor.,UNCERTAIN,UNCERTAIN,Old paper without gene symbol,COL1A2,CD93,COL1A2 CD93,,PMID:1377218
connectomedb,COL2A1 MAG,COL2A1 as ligand directly interacts extracellularly with MAG as receptor.,UNCERTAIN,UNCERTAIN,Old paper without gene symbol,COL2A1,MAG,COL2A1 MAG,,PMID:2446864
connectomedb,COL3A1 MAG,COL3A1 as ligand directly interacts extracellularly with MAG as receptor.,UNCERTAIN,UNCERTAIN,Old paper without gene symbol,COL3A1,MAG,COL3A1 MAG,,PMID:2446864
connectomedb,COL4A1 CD93,COL4A1 as ligand directly interacts extracellularly with CD93 as receptor.,UNCERTAIN,UNCERTAIN,Old paper without gene symbol,COL4A1,CD93,COL4A1 CD93,,PMID:1377218
connectomedb,COL4A2 CD93,COL4A2 as ligand directly interacts extracellularly with CD93 as receptor.,UNCERTAIN,UNCERTAIN,Old paper without gene symbol,COL4A2,CD93,COL4A2 CD93,,PMID:1377218
connectomedb,COL4A3 CD93,COL4A3 as ligand directly interacts extracellularly with CD93 as receptor.,UNCERTAIN,UNCERTAIN,Old paper without gene symbol,COL4A3,CD93,COL4A3 CD93,,PMID:1377218
connectomedb,COL4A5 CD93,COL4A5 as ligand directly interacts extracellularly with CD93 as receptor.,UNCERTAIN,UNCERTAIN,Old paper without gene symbol,COL4A5,CD93,COL4A5 CD93,,PMID:1377218
connectomedb,COL4A6 CD93,COL4A6 as ligand directly interacts extracellularly with CD93 as receptor.,UNCERTAIN,UNCERTAIN,Old paper without gene symbol,COL4A6,CD93,COL4A6 CD93,,PMID:1377218
connectomedb,COL9A1 MAG,COL9A1 as ligand directly interacts extracellularly with MAG as receptor.,UNCERTAIN,UNCERTAIN,Old paper without gene symbol,COL9A1,MAG,COL9A1 MAG,,PMID:2446864
connectomedb,COL9A2 MAG,COL9A2 as ligand directly interacts extracellularly with MAG as receptor.,UNCERTAIN,UNCERTAIN,Old paper without gene symbol,COL9A2,MAG,COL9A2 MAG,,PMID:2446864
connectomedb,COL9A3 MAG,COL9A3 as ligand directly interacts extracellularly with MAG as receptor.,UNCERTAIN,UNCERTAIN,Old paper without gene symbol,COL9A3,MAG,COL9A3 MAG,,PMID:2446864
connectomedb,CXCL17 GPR35,CXCL17 as ligand directly interacts extracellularly with GPR35 as receptor.,REFUTE,REFUTED,Interaction was challenged by PMID:29875152,CXCL17,GPR35,CXCL17 GPR35,,PMID:25411203
connectomedb,DLL3 NOTCH1,DLL3 as ligand directly interacts extracellularly with NOTCH1 as receptor.,REFUTE,REFUTED,In-cis interaction,DLL3,NOTCH1,DLL3 NOTCH1,,PMID:22353464
connectomedb,DLL3 NOTCH2,DLL3 as ligand directly interacts extracellularly with NOTCH2 as receptor.,REFUTE,REFUTED,In-cis interaction,DLL3,NOTCH2,DLL3 NOTCH2,,PMID:22353464
connectomedb,DLL3 NOTCH3,DLL3 as ligand directly interacts extracellularly with NOTCH3 as receptor.,REFUTE,REFUTED,In-cis interaction,DLL3,NOTCH3,DLL3 NOTCH3,,PMID:22353464
connectomedb,DLL3 NOTCH4,DLL3 as ligand directly interacts extracellularly with NOTCH4 as receptor.,REFUTE,REFUTED,In-cis interaction,DLL3,NOTCH4,DLL3 NOTCH4,,PMID:22353464
connectomedb,F11 GP1BA,F11 as ligand directly interacts extracellularly with GP1BA as receptor.,REFUTE,REFUTED,Retracted article,F11,GP1BA,F11 GP1BA,,PMID:11696542
connectomedb,F2 THBD,F2 as ligand directly interacts extracellularly with THBD as receptor.,REFUTE,REFUTED,Not a ligand-receptor pair,F2,THBD,F2 THBD,,PMID:7615164
connectomedb,FGF13 SCN5A,FGF13 as ligand directly interacts extracellularly with SCN5A as receptor.,REFUTE,REFUTED,Intracellular interaction,FGF13,SCN5A,FGF13 SCN5A,,PMID:21817159
connectomedb,FGF13 SCN8A,FGF13 as ligand directly interacts extracellularly with SCN8A as receptor.,REFUTE,REFUTED,Intracellular interaction,FGF13,SCN8A,FGF13 SCN8A,,PMID:15282281
connectomedb,GNAI2 ADCY1,GNAI2 as ligand directly interacts extracellularly with ADCY1 as receptor.,REFUTE,REFUTED,Intracellular interaction,GNAI2,ADCY1,GNAI2 ADCY1,,PMID:2121366
connectomedb,GNAI2 ADORA1,GNAI2 as ligand directly interacts extracellularly with ADORA1 as receptor.,REFUTE,REFUTED,Intracellular interaction,GNAI2,ADORA1,GNAI2 ADORA1,,PMID:11369591
connectomedb,GNAI2 ADRA2A,GNAI2 as ligand directly interacts extracellularly with ADRA2A as receptor.,REFUTE,REFUTED,Intracellular interaction,GNAI2,ADRA2A,GNAI2 ADRA2A,,PMID:7887906
connectomedb,GNAI2 ADRA2B,GNAI2 as ligand directly interacts extracellularly with ADRA2B as receptor.,REFUTE,REFUTED,Intracellular interaction,GNAI2,ADRA2B,GNAI2 ADRA2B,,PMID:2169434
connectomedb,GNAI2 AGTR2,GNAI2 as ligand directly interacts extracellularly with AGTR2 as receptor.,REFUTE,REFUTED,Intracellular interaction,GNAI2,AGTR2,GNAI2 AGTR2,,PMID:8663053
connectomedb,GNAI2 C5AR1,GNAI2 as ligand directly interacts extracellularly with C5AR1 as receptor.,REFUTE,REFUTED,Intracellular interaction,GNAI2,C5AR1,GNAI2 C5AR1,,PMID:7962171
connectomedb,GNAI2 CAV1,GNAI2 as ligand directly interacts extracellularly with CAV1 as receptor.,REFUTE,REFUTED,Intracellular interaction,GNAI2,CAV1,GNAI2 CAV1,,PMID:8621645
connectomedb,GNAI2 CCR5,GNAI2 as ligand directly interacts extracellularly with CCR5 as receptor.,REFUTE,REFUTED,Intracellular interaction,GNAI2,CCR5,GNAI2 CCR5,,PMID:15251452
connectomedb,GNAI2 CNR1,GNAI2 as ligand directly interacts extracellularly with CNR1 as receptor.,REFUTE,REFUTED,Intracellular interaction,GNAI2,CNR1,GNAI2 CNR1,,PMID:11168387
connectomedb,GNAI2 CXCR1,GNAI2 as ligand directly interacts extracellularly with CXCR1 as receptor.,REFUTE,REFUTED,Intracellular interaction,GNAI2,CXCR1,GNAI2 CXCR1,,PMID:8662698
connectomedb,GNAI2 CXCR2,GNAI2 as ligand directly interacts extracellularly with CXCR2 as receptor.,REFUTE,REFUTED,Intracellular interaction,GNAI2,CXCR2,GNAI2 CXCR2,,PMID:8662698
connectomedb,GNAI2 EDNRA,GNAI2 as ligand directly interacts extracellularly with EDNRA as receptor.,REFUTE,REFUTED,Intracellular interaction,GNAI2,EDNRA,GNAI2 EDNRA,,PMID:7882989
connectomedb,GNAI2 EGFR,GNAI2 as ligand directly interacts extracellularly with EGFR as receptor.,REFUTE,REFUTED,Intracellular interaction,GNAI2,EGFR,GNAI2 EGFR,,PMID:11286993
connectomedb,GNAI2 F2R,GNAI2 as ligand directly interacts extracellularly with F2R as receptor.,REFUTE,REFUTED,Intracellular interaction,GNAI2,F2R,GNAI2 F2R,,PMID:10644723
connectomedb,GNAI2 FPR1,GNAI2 as ligand directly interacts extracellularly with FPR1 as receptor.,REFUTE,REFUTED,Intracellular interaction,GNAI2,FPR1,GNAI2 FPR1,,PMID:8663057
connectomedb,GNAI2 IGF1R,GNAI2 as ligand directly interacts extracellularly with IGF1R as receptor.,REFUTE,REFUTED,Intracellular interaction,GNAI2,IGF1R,GNAI2 IGF1R,,PMID:11120746
connectomedb,GNAI2 LHCGR,GNAI2 as ligand directly interacts extracellularly with LHCGR as receptor.,REFUTE,REFUTED,Intracellular interaction,GNAI2,LHCGR,GNAI2 LHCGR,,PMID:10493819
connectomedb,GNAI2 LPAR3,GNAI2 as ligand directly interacts extracellularly with LPAR3 as receptor.,REFUTE,REFUTED,Intracellular interaction,GNAI2,LPAR3,GNAI2 LPAR3,,PMID:10727522
connectomedb,GNAI2 MTNR1A,GNAI2 as ligand directly interacts extracellularly with MTNR1A as receptor.,REFUTE,REFUTED,Intracellular interaction,GNAI2,MTNR1A,GNAI2 MTNR1A,,PMID:10598579
connectomedb,GNAI2 MTNR1B,GNAI2 as ligand directly interacts extracellularly with MTNR1B as receptor.,REFUTE,REFUTED,Intracellular interaction,GNAI2,MTNR1B,GNAI2 MTNR1B,,PMID:17215244
connectomedb,GNAI2 OPRD1,GNAI2 as ligand directly interacts extracellularly with OPRD1 as receptor.,REFUTE,REFUTED,Intracellular interaction,GNAI2,OPRD1,GNAI2 OPRD1,,PMID:1671672
connectomedb,GNAI2 OPRM1,GNAI2 as ligand directly interacts extracellularly with OPRM1 as receptor.,REFUTE,REFUTED,Intracellular interaction,GNAI2,OPRM1,GNAI2 OPRM1,,PMID:12068084
connectomedb,GNAI2 P2RY12,GNAI2 as ligand directly interacts extracellularly with P2RY12 as receptor.,REFUTE,REFUTED,Intracellular interaction,GNAI2,P2RY12,GNAI2 P2RY12,,PMID:8554519
connectomedb,GNAI2 TBXA2R,GNAI2 as ligand directly interacts extracellularly with TBXA2R as receptor.,REFUTE,REFUTED,Intracellular interaction,GNAI2,TBXA2R,GNAI2 TBXA2R,,PMID:16212421
connectomedb,GNAI2 TSHR,GNAI2 as ligand directly interacts extracellularly with TSHR as receptor.,REFUTE,REFUTED,Intracellular interaction,GNAI2,TSHR,GNAI2 TSHR,,PMID:8552586
connectomedb,GNAS ADRB2,GNAS as ligand directly interacts extracellularly with ADRB2 as receptor.,REFUTE,REFUTED,Intracellular interaction,GNAS,ADRB2,GNAS ADRB2,,PMID:19144685
connectomedb,GNAS AVPR2,GNAS as ligand directly interacts extracellularly with AVPR2 as receptor.,REFUTE,REFUTED,Intracellular interaction,GNAS,AVPR2,GNAS AVPR2,,PMID:8621513
connectomedb,GNAS CRHR1,GNAS as ligand directly interacts extracellularly with CRHR1 as receptor.,REFUTE,REFUTED,Intracellular interaction,GNAS,CRHR1,GNAS CRHR1,,PMID:10598591
connectomedb,GNAS GCGR,GNAS as ligand directly interacts extracellularly with GCGR as receptor.,REFUTE,REFUTED,Intracellular interaction,GNAS,GCGR,GNAS GCGR,,PMID:1908089
connectomedb,GNAS LHCGR,GNAS as ligand directly interacts extracellularly with LHCGR as receptor.,REFUTE,REFUTED,Intracellular interaction,GNAS,LHCGR,GNAS LHCGR,,PMID:10493819
connectomedb,GNAS PTGDR,GNAS as ligand directly interacts extracellularly with PTGDR as receptor.,REFUTE,REFUTED,Intracellular interaction,GNAS,PTGDR,GNAS PTGDR,,PMID:12672054
connectomedb,GNAS TSHR,GNAS as ligand directly interacts extracellularly with TSHR as receptor.,REFUTE,REFUTED,Intracellular interaction,GNAS,TSHR,GNAS TSHR,,PMID:9525885
connectomedb,GNAS VIPR1,GNAS as ligand directly interacts extracellularly with VIPR1 as receptor.,REFUTE,REFUTED,Intracellular interaction,GNAS,VIPR1,GNAS VIPR1,,PMID:11812005
connectomedb,GRN SORT1,GRN as ligand directly interacts extracellularly with SORT1 as receptor.,REFUTE,REFUTED,Intracellular interaction,GRN,SORT1,GRN SORT1,,PMID:22361451
connectomedb,HAS2 HMMR,HAS2 as ligand directly interacts extracellularly with HMMR as receptor.,REFUTE,REFUTED,Not a ligand-receptor pair,HAS2,HMMR,HAS2 HMMR,,PMID:1376732
connectomedb,HGF ST14,HGF as ligand directly interacts extracellularly with ST14 as receptor.,REFUTE,REFUTED,Not a ligand-receptor pair,HGF,ST14,HGF ST14,,PMID:10962009
connectomedb,HLA-C LILRA3,HLA-C as ligand directly interacts extracellularly with LILRA3 as receptor.,REFUTE,REFUTED,Not a ligand-receptor pair,HLA-C,LILRA3,HLA-C LILRA3,,PMID:21270408
connectomedb,HRAS AGTR1,HRAS as ligand directly interacts extracellularly with AGTR1 as receptor.,REFUTE,REFUTED,Intracellular interaction,HRAS,AGTR1,HRAS AGTR1,,PMID:8753867
connectomedb,HRAS CAV1,HRAS as ligand directly interacts extracellularly with CAV1 as receptor.,REFUTE,REFUTED,Intracellular interaction,HRAS,CAV1,HRAS CAV1,,PMID:8621645
connectomedb,HRAS INSR,HRAS as ligand directly interacts extracellularly with INSR as receptor.,REFUTE,REFUTED,Intracellular interaction,HRAS,INSR,HRAS INSR,,PMID:3109943
connectomedb,HSP90AA1 CFTR,HSP90AA1 as ligand directly interacts extracellularly with CFTR as receptor.,REFUTE,REFUTED,Not a ligand-receptor pair,HSP90AA1,CFTR,HSP90AA1 CFTR,,PMID:9843494
connectomedb,HSP90AA1 EGFR,HSP90AA1 as ligand directly interacts extracellularly with EGFR as receptor.,REFUTE,REFUTED,Not a ligand-receptor pair,HSP90AA1,EGFR,HSP90AA1 EGFR,,PMID:18199556
connectomedb,HSP90AA1 FGFR3,HSP90AA1 as ligand directly interacts extracellularly with FGFR3 as receptor.,REFUTE,REFUTED,Not a ligand-receptor pair,HSP90AA1,FGFR3,HSP90AA1 FGFR3,,PMID:21487019
connectomedb,IL16 KCNJ10,IL16 as ligand directly interacts extracellularly with KCNJ10 as receptor.,REFUTE,REFUTED,Intracellular interaction,IL16,KCNJ10,IL16 KCNJ10,,PMID:10479680
connectomedb,IL16 KCNJ15,IL16 as ligand directly interacts extracellularly with KCNJ15 as receptor.,REFUTE,REFUTED,Intracellular interaction,IL16,KCNJ15,IL16 KCNJ15,,PMID:10479680
connectomedb,ITGAV THY1,ITGAV as ligand directly interacts extracellularly with THY1 as receptor.,REFUTE,REFUTED,Wrong direction,ITGAV,THY1,ITGAV THY1,,PMID:18346467
connectomedb,ITGB2 THY1,ITGB2 as ligand directly interacts extracellularly with THY1 as receptor.,REFUTE,REFUTED,Wrong direction,ITGB2,THY1,ITGB2 THY1,,PMID:18346467
connectomedb,KIR3DS1 HLA-F,KIR3DS1 as ligand directly interacts extracellularly with HLA-F as receptor.,REFUTE,REFUTED,Wrong direction,KIR3DS1,HLA-F,KIR3DS1 HLA-F,,PMID:27455421
connectomedb,KLRF1 CLEC2B,KLRF1 as ligand directly interacts extracellularly with CLEC2B as receptor.,REFUTE,REFUTED,Wrong direction,KLRF1,CLEC2B,KLRF1 CLEC2B,,PMID:24223577
connectomedb,LRPAP1 SORL1,LRPAP1 as ligand directly interacts extracellularly with SORL1 as receptor.,REFUTE,REFUTED,Intracellular interaction,LRPAP1,SORL1,LRPAP1 SORL1,,PMID:11557679
connectomedb,LRPAP1 SORT1,LRPAP1 as ligand directly interacts extracellularly with SORT1 as receptor.,REFUTE,REFUTED,Intracellular interaction,LRPAP1,SORT1,LRPAP1 SORT1,,PMID:9013611
connectomedb,LRPAP1 VLDLR,LRPAP1 as ligand directly interacts extracellularly with VLDLR as receptor.,REFUTE,REFUTED,Not a ligand-receptor pair,LRPAP1,VLDLR,LRPAP1 VLDLR,,PMID:7592875
connectomedb,LY86 CD180,LY86 as ligand directly interacts extracellularly with CD180 as receptor.,REFUTE,REFUTED,In-cis interaction,LY86,CD180,LY86 CD180,,PMID:9763566
connectomedb,MELTF PLG,MELTF as ligand directly interacts extracellularly with PLG as receptor.,REFUTE,REFUTED,Wrong direction,MELTF,PLG,MELTF PLG,,PMID:15936756
connectomedb,MUC2 AGR2,MUC2 as ligand directly interacts extracellularly with AGR2 as receptor.,REFUTE,REFUTED,Intracellular interaction,MUC2,AGR2,MUC2 AGR2,,PMID:19359471
connectomedb,NAMPT INSR,NAMPT as ligand directly interacts extracellularly with INSR as receptor.,REFUTE,REFUTED,Retracted article,NAMPT,INSR,NAMPT INSR,,PMID:15604363
connectomedb,NGF SORT1,NGF as ligand directly interacts extracellularly with SORT1 as receptor.,REFUTE,REFUTED,Intracellular interaction,NGF,SORT1,NGF SORT1,,PMID:14985763
connectomedb,NTF4 BEX3,NTF4 as ligand directly interacts extracellularly with BEX3 as receptor.,REFUTE,REFUTED,Intracellular interaction,NTF4,BEX3,NTF4 BEX3,,PMID:7679912
connectomedb,NTS SORT1,NTS as ligand directly interacts extracellularly with SORT1 as receptor.,REFUTE,REFUTED,Intracellular interaction,NTS,SORT1,NTS SORT1,,PMID:9756851
connectomedb,PCSK9 VLDLR,PCSK9 as ligand directly interacts extracellularly with VLDLR as receptor.,REFUTE,REFUTED,Intracellular interaction,PCSK9,VLDLR,PCSK9 VLDLR,,PMID:17452316
connectomedb,POSTN PTK7,POSTN as ligand directly interacts extracellularly with PTK7 as receptor.,REFUTE,REFUTED,Retracted article,POSTN,PTK7,POSTN PTK7,,PMID:30348980
connectomedb,PSEN1 NCSTN,PSEN1 as ligand directly interacts extracellularly with NCSTN as receptor.,REFUTE,REFUTED,Intracellular interaction,PSEN1,NCSTN,PSEN1 NCSTN,,PMID:10993067
connectomedb,PSEN1 NOTCH1,PSEN1 as ligand directly interacts extracellularly with NOTCH1 as receptor.,REFUTE,REFUTED,Intracellular interaction,PSEN1,NOTCH1,PSEN1 NOTCH1,,PMID:10077672
connectomedb,PSEN1 NOTCH2,PSEN1 as ligand directly interacts extracellularly with NOTCH2 as receptor.,REFUTE,REFUTED,Intracellular interaction,PSEN1,NOTCH2,PSEN1 NOTCH2,,PMID:11518718
connectomedb,PSEN1 NOTCH3,PSEN1 as ligand directly interacts extracellularly with NOTCH3 as receptor.,REFUTE,REFUTED,Intracellular interaction,PSEN1,NOTCH3,PSEN1 NOTCH3,,PMID:11518718
connectomedb,PSEN1 NOTCH4,PSEN1 as ligand directly interacts extracellularly with NOTCH4 as receptor.,REFUTE,REFUTED,Intracellular interaction,PSEN1,NOTCH4,PSEN1 NOTCH4,,PMID:11518718
connectomedb,PTGS2 CAV1,PTGS2 as ligand directly interacts extracellularly with CAV1 as receptor.,REFUTE,REFUTED,In-cis interaction,PTGS2,CAV1,PTGS2 CAV1,,PMID:11432874
connectomedb,RBP3 NOTCH1,RBP3 as ligand directly interacts extracellularly with NOTCH1 as receptor.,REFUTE,REFUTED,Intracellular interaction,RBP3,NOTCH1,RBP3 NOTCH1,,PMID:11511084
connectomedb,RSPO2 RNF43,RSPO2 as ligand directly interacts extracellularly with RNF43 as receptor.,REFUTE,REFUTED,Intracellular interaction,RSPO2,RNF43,RSPO2 RNF43,,PMID:29769720
connectomedb,SERTAD1 AR,SERTAD1 as ligand directly interacts extracellularly with AR as receptor.,REFUTE,REFUTED,Intracellular interaction,SERTAD1,AR,SERTAD1 AR,,PMID:30230528
connectomedb,SHANK1 ADGRL1,SHANK1 as ligand directly interacts extracellularly with ADGRL1 as receptor.,REFUTE,REFUTED,Intracellular interaction,SHANK1,ADGRL1,SHANK1 ADGRL1,,PMID:10964907
connectomedb,SHANK1 SSTR2,SHANK1 as ligand directly interacts extracellularly with SSTR2 as receptor.,REFUTE,REFUTED,Intracellular interaction,SHANK1,SSTR2,SHANK1 SSTR2,,PMID:10551867
connectomedb,TCN1 CD320,TCN1 as ligand directly interacts extracellularly with CD320 as receptor.,REFUTE,REFUTED,Wrong gene symbol,TCN1,CD320,TCN1 CD320,,PMID:27411955
connectomedb,TGFB2 TGFBR1,TGFB2 as ligand directly interacts extracellularly with TGFBR1 as receptor.,REFUTE,REFUTED,In-cis interaction,TGFB2,TGFBR1,TGFB2 TGFBR1,,PMID:12809600
connectomedb,TNFSF13 TNFRSF11B,TNFSF13 as ligand directly interacts extracellularly with TNFRSF11B as receptor.,REFUTE,REFUTED,Not a ligand-receptor pair,TNFSF13,TNFRSF11B,TNFSF13 TNFRSF11B,,PMID:10706119
connectomedb,TNFSF14 TNFRSF6B,TNFSF14 as ligand directly interacts extracellularly with TNFRSF6B as receptor.,REFUTE,REFUTED,Not a ligand-receptor pair,TNFSF14,TNFRSF6B,TNFSF14 TNFRSF6B,,PMID:11994433
connectomedb,TNFSF15 TNFRSF6B,TNFSF15 as ligand directly interacts extracellularly with TNFRSF6B as receptor.,REFUTE,REFUTED,Not a ligand-receptor pair,TNFSF15,TNFRSF6B,TNFSF15 TNFRSF6B,,PMID:11911831
connectomedb,VASP CXCR2,VASP as ligand directly interacts extracellularly with CXCR2 as receptor.,REFUTE,REFUTED,In-cis interaction,VASP,CXCR2,VASP CXCR2,,PMID:19435808
