ENTITYA,TYPEA,IDA,DATABASEA,ENTITYB,TYPEB,IDB,DATABASEB,EFFECT,MECHANISM,RESIDUE,SEQUENCE,TAX_ID,CELL_DATA,TISSUE_DATA,MODULATOR_COMPLEX,TARGET_COMPLEX,MODIFICATIONA,MODASEQ,MODIFICATIONB,MODBSEQ,PMID,DIRECT,NOTES,ANNOTATOR,SENTENCE,SIGNOR_ID,source_release
PRKACA,protein,P17612,UNIPROT,AKT2,protein,P31751,UNIPROT,up-regulates,,,,9606,BTO:0000222;BTO:0002314,BTO:0000887,,,,,,,17688959,f,,gcesareni,"Taken together, we suggest that shh acts in an autocrinic manner in adult myoblasts, and provide first evidence of a role for pi3k/akt in shh signaling during myoblast differentiation.",SIGNOR-157288,Oct2018_release
CRTC2,protein,Q53ET0,UNIPROT,AKT1,protein,P31749,UNIPROT,up-regulates,phosphorylation,Ser473,RPHFPQFsYSASGTA,9606,,,,,,,,,21798082,t,,gcesareni,"Positive feedback involves mtorc2, which phosphorylates akt at serine 473, a phosphorylation required for maximum activation of akt in addition to phosphorylation at threonine 308 by pdk1.",SIGNOR-175304,Oct2018_release
GNAT1,protein,P11488,UNIPROT,ADCY1,protein,Q08828,UNIPROT,down-regulates,binding,,,9606.0,,,,,,,,,8327893,t,,gcesareni,"Members of the gi family are linked with reductions in camp through adenylyl cyclase, but have many other actions as well",SIGNOR-38137,Oct2019_release
MCM2,protein,P49736,UNIPROT,ATR,protein,Q13535,UNIPROT,up-regulates,,,,9606.0,,,,,,,,,21070963,f,,gcesareni,Additional activation of mec1 could be mediated by replication intermediates derived from type (ii) ddk driven initiation or checkpoint signaling.,SIGNOR-169509,Oct2019_release
NF1,protein,P21359,UNIPROT,ADCY1,protein,Q08828,UNIPROT,up-regulates,,,,9606.0,BTO:0000938,,,,,,,,24431436,f,,miannu,"Nf1encodes neurofibromin, a protein with multiple functions including ras inactivation (ras gtpase-activating protein or rasgap) and adenylyl cyclase (ac) activation",SIGNOR-203872,Oct2019_release
CSK,protein,P41240,UNIPROT,GSN,protein,P06396,UNIPROT,unknown,phosphorylation,Tyr465,VPVDPATyGQFYGGD,-1.0,,,,,,,,,10210201,t,,llicata,"Gelsolin phosphorylation by c-Src in the presence of lysophosphatidic acid also revealed Tyr438 as the most prominent site. Additional minor sites were found using the anti-phosphotyrosine bead immunoprecipitation method followed by MALDI-MS and PSD analysis. These sites, representing approximately 5% of the total phosphate incorporation, were identified as Tyr59, Tyr382, Tyr576, and Tyr624.",SIGNOR-250781,Oct2019_release
GNAO1,protein,P09471,UNIPROT,ADCY1,protein,Q08828,UNIPROT,down-regulates,binding,,,9606.0,,,,,,,,,8327893,t,,gcesareni,"Members of the gi family are linked with reductions in camp through adenylyl cyclase, but have many other actions as well",SIGNOR-38079,Oct2019_release
ALOX5,protein,P09917,UNIPROT,STAT5A,protein,P42229,UNIPROT,down-regulates activity,oxidation,,,9606.0,BTO:0000304,,,,,,,,17369849,f,,,… we report that the tumor suppressor phosphatase and tensin homolog (PTEN) is oxidized and inactivated during arachidonic acid (AA) metabolism in pancreatic cancer cell lines expressing COX-2 or 5-LOX,SIGNOR-255630,Oct2020_release
AKT1,protein,P31749,UNIPROT,PPP1CA,protein,P62136,UNIPROT,down-regulates,phosphorylation,Thr320,NPGGRPItPPRNSAK,9606.0,BTO:0000661,,,,,,,,12202491,t,,gcesareni,Ir-induced pp1 activation in the nucleus may be a critical component in an atm-mediated pathway controlling checkpoint activation.,SIGNOR-92257,Oct2020_release
CDK2,protein,P24941,UNIPROT,UBE2R2,protein,Q712K3,UNIPROT,down-regulates activity,phosphorylation,Ser233,DCYDDDDsGNEES,10090.0,BTO:0000944,,,,,,,,12037680,t,,lperfetto,Ck2-dependent phosphorylation of the e2 ubiquitin conjugating enzyme ubc3b induces its interaction with bold beta-trcp and enhances bold beta-catenin degradation. serine 233 of ubc3b is the main ck2 targe,SIGNOR-235415,Oct2020_release
PIK3CG,protein,P48736,UNIPROT,AKT1,protein,P31749,UNIPROT,up-regulates,phosphorylation,,,9606.0,,,,,,,,,9346240,t,,gcesareni,Akt may be regulated by both phosphorylation and by the direct binding of pi3k to the akt pleckstrin homology (ph) domain.,SIGNOR-52870,Oct2021_release
AURKA,protein,O14965,UNIPROT,AR,protein,P10275,UNIPROT,up-regulates activity,phosphorylation,Ser293,PLAECKGsLLDDSAG,9606.0,BTO:0001321,,,,,,,,20713353,t,,miannu,Phosphorylation and activation of androgen receptor by Aurora-A.Aurora-A interacts with AR and phosphorylates AR at Thr(282) and Ser(293) in vitro and in vivo. Aurora-A induces AR transactivation activity in a phosphorylation-dependent manner.,SIGNOR-259828,Oct2022_release
MAPK9,protein,P45984,UNIPROT,H3-3A,protein,P84243,UNIPROT,up-regulates,phosphorylation,Ser29,ATKAARKsAPSTGGV,9606.0,,,,,,,,,15994958,t,,gcesareni,"Phosphorylation of histone h3 at serine 10 is indispensable for neoplastic cell transformation. When h3 wt was overexpressed, egf induction of c-fos and c-jun promoter activity was significantly increased compared with control cells but not in the h3 mutant s10a or s28a cells.",SIGNOR-138463,Oct2022_release
MAPK1,protein,P28482,UNIPROT,H3-3A,protein,P84243,UNIPROT,up-regulates,phosphorylation,Ser29,ATKAARKsAPSTGGV,9606.0,,,,,,,,,15994958,t,,gcesareni,"Phosphorylation of histone h3 at serine 10 is indispensable for neoplastic cell transformation. When h3 wt was overexpressed, egf induction of c-fos and c-jun promoter activity was significantly increased compared with control cells but not in the h3 mutant s10a or s28a cells.",SIGNOR-138451,Oct2022_release
MAPK3,protein,P27361,UNIPROT,H3-3A,protein,P84243,UNIPROT,up-regulates,phosphorylation,Ser29,ATKAARKsAPSTGGV,9606.0,,,,,,,,,15994958,t,,gcesareni,"Phosphorylation of histone h3 at serine 10 is indispensable for neoplastic cell transformation. When h3 wt was overexpressed, egf induction of c-fos and c-jun promoter activity was significantly increased compared with control cells but not in the h3 mutant s10a or s28a cells.",SIGNOR-138455,Oct2022_release
MAPK8,protein,P45983,UNIPROT,H3-3A,protein,P84243,UNIPROT,up-regulates,phosphorylation,Ser29,ATKAARKsAPSTGGV,9606.0,,,,,,,,,15994958,t,,gcesareni,"Phosphorylation of histone h3 at serine 10 is indispensable for neoplastic cell transformation. When h3 wt was overexpressed, egf induction of c-fos and c-jun promoter activity was significantly increased compared with control cells but not in the h3 mutant s10a or s28a cells.",SIGNOR-138459,Oct2022_release
DZIP3,protein,Q86Y13,UNIPROT,H2AB1,protein,P0C5Y9,UNIPROT,up-regulates activity,monoubiquitination,Lys119,K>118,9606.0,BTO:0000007,,,,,,,,18206970,t,,miannu,"2A-HUB catalyzes monoubiquitination of H2A at lysine 119, functioning as a combinatoric component of the repression machinery required for specific gene regulation programs. Thus, 2A-HUB mediates a selective repression of a specific set of chemokine genes in macrophages, critically modulating migratory responses to TLR activation. H2A monoubiquitination acts to prevent FACT recruitment at the transcriptional promoter region, blocking RNA polymerase II release at the early stage of elongation.",SIGNOR-271750,Oct2023_release
DZIP3,protein,Q86Y13,UNIPROT,H2AB2,protein,P0C5Z0,UNIPROT,up-regulates activity,monoubiquitination,Lys119,K>118,9606.0,BTO:0000007,,,,,,,,18206970,t,,miannu,"2A-HUB catalyzes monoubiquitination of H2A at lysine 119, functioning as a combinatoric component of the repression machinery required for specific gene regulation programs. Thus, 2A-HUB mediates a selective repression of a specific set of chemokine genes in macrophages, critically modulating migratory responses to TLR activation. H2A monoubiquitination acts to prevent FACT recruitment at the transcriptional promoter region, blocking RNA polymerase II release at the early stage of elongation.",SIGNOR-271751,Oct2023_release
KRAS,protein,P01116,UNIPROT,TCF3,protein,P15923,UNIPROT,up-regulates,phosphorylation,,,9606.0,BTO:0000776,,,,,,,,9528794,t,,gcesareni,Our results are consistent with a model in which notch and deltex act on e47 by inhibiting signaling through ras.,SIGNOR-56144,Oct2024_release