ENTITYA,TYPEA,IDA,DATABASEA,ENTITYB,TYPEB,IDB,DATABASEB,EFFECT,MECHANISM,RESIDUE,SEQUENCE,TAX_ID,CELL_DATA,TISSUE_DATA,MODULATOR_COMPLEX,TARGET_COMPLEX,MODIFICATIONA,MODASEQ,MODIFICATIONB,MODBSEQ,PMID,DIRECT,NOTES,ANNOTATOR,SENTENCE,SIGNOR_ID,omnipath_n_references
GNAS,protein,P63092,UNIPROT,ADCY1,protein,Q08828,UNIPROT,up-regulates activity,binding,,,9606.0,,,,,,,,,17652154,t,,gcesareni,"Because adenylyl cyclases are directly activated by G(s)alpha and the carboxyl termini of the various Galpha proteins determine their receptor coupling specificity, we proposed a set of chimeric G(s)alpha where the COOH-terminal five amino acids are replaced by those of other Galpha proteins and used these to dissect the potential Galpha linked to a given GPCR",SIGNOR-156958,7.0
CHUK,protein,O15111,UNIPROT,NFKBIA,protein,P25963,UNIPROT,down-regulates quantity by destabilization,phosphorylation,Ser32,LLDDRHDsGLDSMKD,9606.0,BTO:0000567,,SIGNOR-C14,,,,,,9346241,t,,lperfetto,"We described the purification of a 900 kda protein kinase complex, the ikb kinase (ikk), that phosphorylates ikbalfa and ikbbeta at the sites that mediate their ubiquitination and degradation",SIGNOR-52875,124.0
CSK,protein,P41240,UNIPROT,SRC,protein,P12931,UNIPROT,down-regulates,phosphorylation,Tyr530,FTSTEPQyQPGENL,9606.0,,,,,,,,,18614016,t,,gcesareni,"The catalytic activity of the src family of tyrosine kinases is suppressed by phosphorylation on a tyrosine residue located near the c terminus (tyr 527 in c-src), which is catalyzed by c-terminal src kinase (csk).",SIGNOR-179417,62.0
MAPK8IP2,protein,Q13387,UNIPROT,MAPK9,protein,P45984,UNIPROT,up-regulates,binding,,,9606.0,,,,,,,,,10490659,t,These data demonstrated that JIP2 increases JNK activation by the MLK signaling pathway,gcesareni,These experiments demonstrated that 10 different jnk isoforms bound to both jip proteins.,SIGNOR-70866,3.0
PPP1CA,protein,P62136,UNIPROT,BRCA1,protein,P38398,UNIPROT,down-regulates activity,dephosphorylation,Ser988,PPLFPIKsFVKTKCK,9606.0,BTO:0000007,,,,,,,,17603999,t,,,"Protein kinases involved in the DNA damage checkpoint control, such as ATM, ATR, and hCds1/Chk2, have been shown to phosphorylate and activate BRCA1 upon DNA damage. |Altogether, these results indicate that PP1α specifically dephosphorylates BRCA1 at multiple serine sites, including S988 [12], S1423, and S1524.",SIGNOR-248560,5.0
GNAI1,protein,P63096,UNIPROT,HCK,protein,P08631,UNIPROT,up-regulates activity,binding,,,-1.0,,,,,,,,,11007482,t,,,"Galphas and Galphai similarly modulate Hck, another member of Src-family tyrosine kinases.",SIGNOR-256528,4.0
BCL2L1,protein,Q07817,UNIPROT,BAD,protein,Q92934,UNIPROT,up-regulates activity,binding,,,-1.0,,,,,,,,,10949026,t,,lperfetto,"Bad dimerizes with bcl-xl at the mitochondrial membrane where it exert its killing effects. Phosphorylation of bad promotes its binding to 14-3-3 protein, which may sequester bad from bcl-xl, thus promoting cell cells survival.",SIGNOR-81125,44.0
BMI1,protein,P35226,UNIPROT,H2AX,protein,P16104,UNIPROT,up-regulates activity,ubiquitination,,,9606.0,,,,,,,,,26633535,t,,miannu,"In this process, BMI1 ubiquitinates histone H2A and \u03b3H2AX, thereby facilitating the repair of double-stranded DNA breaks through stimulating homologous recombination and non-homologous end joining.",SIGNOR-278744,2.0
MTCP1,protein,P56278,UNIPROT,AKT2,protein,P31751,UNIPROT,up-regulates,binding,,,9606.0,BTO:0000782;BTO:0001271,,,,,,,,10983986,t,,miannu,"Full-length tcl1 and its isoforms bind to akt / in in vitro kinase assays using gsk-3_ as a substrate, we found that the presence of any of the tcl1 family proteins (tcl1, mtcp1, or tcl1b) as gst fusion proteins significantly enhanced akt-induced gsk-3_ phosphorylation",SIGNOR-81674,3.0
HRAS,protein,P01112,UNIPROT,PIK3CG,protein,P48736,UNIPROT,up-regulates,binding,,,9606.0,,,,,,,,,21779497,t,,gcesareni,"Grb2 binds and activates sos, which then activates ras, and this activates p110 independently of p85.  it was also described that ras interacts with pi3k in a direct manner.  lysine residue 227 is essential for the interaction of ras with pi3k  we show here, however, that in vivo there are marked quantitative differences in the ability of ki- and ha-ras to activate raf-1 and phosphoinositide 3 kinase.  the mechanism of raf-1 activation is complex, but it is clear that one important role of ras is to recruit raf-1 to the plasma membrane where a series of events is initiated that ultimately leads to full raf-1 activation. These events include tyrosine, serine, and threonine phosphorylation plus interactions with ras, phospholipids, 14-3-3 proteins and their associated proteins, and possibly dimerization.",SIGNOR-175195,6.0
AURKA,protein,O14965,UNIPROT,PLK1,protein,P53350,UNIPROT,up-regulates,phosphorylation,Thr210,YDGERKKtLCGTPNY,9606.0,,,,,,,,,18615013,t,,gcesareni,We find that aurora a (aurka) can directly phosphorylate plk1 on thr 210;activation of plk1 requires phosphorylation of a conserved threonine residue (thr 210).,SIGNOR-179422,57.0
FES,protein,P07332,UNIPROT,BCR,protein,P11274,UNIPROT,down-regulates,phosphorylation,Tyr283,YQPYQSIyVGGMMEG,9606.0,BTO:0000007,,,,,,,,8955135,t,,lperfetto,"In the present study, we demonstrate that bcr tyr-246 and at least one of the closely spaced tyrosine residues, tyr-279, tyr-283, and tyr- 289 (3y cluster), are phosphorylated by fes both in vitro and in 32p(i)- labeled cells. tyrosine phosphorylation of bcr by fes suppressed bcr serine/threonine kinase activity toward the 14-3-3 protein and bcr substrate, bap-1.",SIGNOR-45343,10.0
SRC,protein,P12931,UNIPROT,CTTN,protein,Q14247,UNIPROT,down-regulates,phosphorylation,Tyr470,AYATEAVyESAEAPG,9606.0,,,,,,,,,12601080,t,,lperfetto,"Cortactin was first identified as a substrate of v-src (46) that mediates in vitro phosphorylation of residues tyr-421, tyr-466, and tyr-482 at the c terminus of the murine ortholog (47). Phosphorylation of these residues attenuates the f-actin cross-linking activity",SIGNOR-98716,43.0
PRKDC,protein,P78527,UNIPROT,AKT1,protein,P31749,UNIPROT,up-regulates activity,phosphorylation,Ser473,RPHFPQFsYSASGTA,9606.0,BTO:0001949,,,,,,,,18439899,t,,gcesareni,"DNA-PK phosphorylates HM Ser473 of PKB. However, we also noted similar patterns in T loop Thr308 phosphorylation after _-IR []his function is apparently restricted to the PKBalpha isoform",SIGNOR-252431,329.0
SOS 1,protein,Q07889,UNIPROT,KRAS,protein,P01116,UNIPROT,up-regulates,guanine nucleotide exchange factor,,,9606.0,,,,,,,,,25624485,t,Ras proteins bind GDP/GTP and possess intrinsic GTPase activity.,gcesareni,"Because the KRAS-GDP to KRAS-GTP transition catalyzed by the GEF, son of sevenless 1 (SOS1), represents the rate-limiting step for nucleotide exchange, disrupting the activating SOS1/KRAS protein interaction has also been the focus of drug development efforts",SIGNOR-201703,5.0
GNAT1,protein,P11488,UNIPROT,PDE6G,protein,P18545,UNIPROT,down-regulates activity,binding,,,10090.0,,,,,,,,,30962282,t,,,"In the dark, PDE6 activity is suppressed by its inhibitory γ-subunit (Pγ). Rhodopsin-catalyzed activation of the G protein, transducin, relieves this inhibition and enhances PDE6 catalysis.",SIGNOR-260008,1.0
PIK3CG,protein,P48736,UNIPROT,SET,protein,Q01105,UNIPROT,up-regulates activity,phosphorylation,,,9606.0,,,,,,,,,21419339,t,,miannu,We show that PI3Kgamma phosphorylates I2PP2A on serine 9 and 93 residues resulting in enhanced interaction of I2PP2A with PP2A.,SIGNOR-278320,3.0
CSNK2A2,protein,P19784,UNIPROT,UBE2R2,protein,Q712K3,UNIPROT,up-regulates activity,phosphorylation,Ser233,DCYDDDDsGNEES,9606.0,,,,,,,,,12037680,t,,llicata,"UBC3B is specifically phosphorylated by CK2 in vitro and in vivo. We mapped by deletions and site directed mutagenesis the phosphorylation site to a serine residue within the C-terminal domain in position 233 of UBC3B and in the corresponding serine residue of UBC3. | Following CK2-dependent phosphorylation both UBC3B and UBC3 bind to the F-box protein beta-TrCP, the substrate recognition subunit of an SCF (Skp1, Cul1, F-box) ubiquitin ligase. Furthermore, we observed that co-transfection of CK2alpha' together with UBC3B, but not with UBC3DeltaC, enhances the degradation of beta-catenin.",SIGNOR-251047,2.0
MAP3K14,protein,Q99558,UNIPROT,CHUK,protein,O15111,UNIPROT,up-regulates activity,phosphorylation,Ser180,DQGSLCTsFVGTLQY,9606.0,,,,SIGNOR-C14,,,,,9520446,t,,lperfetto,"NIK preferentially phosphorylates ikk-alpha over ikk-beta, leading to the activation of ikk-alpha kinase activity; the accumulated nik phosphorylates ikkalfa.",SIGNOR-55946,41.0
SETD1B,protein,Q9UPS6,UNIPROT,H3-3A,protein,P84243,UNIPROT,down-regulates activity,methylation,Lys5,kQTARKST,9606.0,,,,,,,,,32546568,t,,miannu,SETD1B encodes a lysine-specific methyltransferase that assists in transcriptional activation of genes by depositing H3K4 methyl marks.,SIGNOR-265578,0.0
IGF1R,protein,P08069,UNIPROT,CSK,protein,P41240,UNIPROT,up-regulates,,,,9606.0,,,,,,,,,10026153,f,,lperfetto,The results suggest that c-src and csk are involved in igf-ir and ir signaling and that the interaction of csk with the igf-ir may play a role in the decrease in c-src activity following igf-i stimulation,SIGNOR-64676,2.0
SPRED1,protein,Q7Z699,UNIPROT,NF1,protein,P21359,UNIPROT,up-regulates quantity,binding,,,9606.0,BTO:0000007,,,,,,,,32697994,t,,miannu,"Sprouty-related, EVH1 domain-containing (SPRED) proteins negatively regulate RAS/mitogen-activated protein kinase (MAPK) signaling following growth factor stimulation. This inhibition of RAS is thought to occur primarily through SPRED1 binding and recruitment of neurofibromin, a RasGAP, to the plasma membrane. Here, we report the structure of neurofibromin (GTPase-activating protein [GAP]-related domain) complexed with SPRED1 (EVH1 domain) and KRAS. The structure provides insight into how the membrane targeting of neurofibromin by SPRED1 allows simultaneous interaction with activated KRAS.",SIGNOR-273660,3.0
CDK1,protein,P06493,UNIPROT,AR,protein,P10275,UNIPROT,up-regulates,phosphorylation,Ser83,QQQQQETsPRQQQQQ,9606.0,BTO:0001130,,,,,,,,21799006,t,,gcesareni,"At first, the data show that cdk5 enables phosphorylation of ar at ser-81 site through direct biochemical interaction and, therefore, results in the stabilization of ar proteins  although ar was reported as substrates for cdk9 (5) as well as cdk1",SIGNOR-175692,21.0
PRKACA,protein,P17612,UNIPROT,MAPT,protein,P10636,UNIPROT,down-regulates activity,phosphorylation,Ser531,GSRSRTPsLPTPPTR,-1.0,,,,,,,,,9614189,t,,miannu,"S214 can be rapidly and selectively phosphorylated in vitro by PKA, and this single site strongly affects tau's ability to bind and stabilize microtubules.",SIGNOR-250006,37.0
CEP192,protein,Q8TEP8,UNIPROT,AURKA,protein,O14965,UNIPROT,up-regulates activity,binding,,,9606.0,,,,,,,,,26012549,t,,miannu,These findings demonstrated that Cep192 mediates the AurA-Plk1 interaction and that the formation of the Cep192-AurA-Plk1 complex could be important for activating AurA and Plk1.,SIGNOR-266406,5.0
UBAP2L,protein,Q14157,UNIPROT,BMI1,protein,P35226,UNIPROT,up-regulates activity,binding,,,9606.0,BTO:0000007,,,,,,,,25185265,t,,Sara,"We identified UBAP2L as a novel BMI1-interacting protein. UBAP2L, BMI1, RNF2, and PHC1 define a novel Polycomb subcomplex",SIGNOR-261315,2.0
CASP3,protein,P42574,UNIPROT,GSN,protein,P06396,UNIPROT,down-regulates,cleavage,,,9606.0,BTO:0000130,,,,,,,,9323209,t,,amattioni,"Caspase-3 mediates cleavage of gelsolin, generating a fragment that severs actin filaments in an unregulated fashion. The cleavage of gelsolin causes cells to round up, detach and undergo nuclear fragmentation.",SIGNOR-51652,4.0
BCR,protein,P11274,UNIPROT,YWHAQ,protein,P27348,UNIPROT,unknown,phosphorylation,Ser232,LTLWTSDsAGEECDA,-1.0,,,,,,,,,16045749,t,,llicata,We show here that BCR interacts with at least five isoforms of 14-3-3 in vivo and phosphorylates 14-3-3tau on Ser233 and to a lesser extent 14-3-3zeta on Thr233,SIGNOR-250594,9.0
GNAO1,protein,P09471,UNIPROT,TRIM21,protein,P19474,UNIPROT,down-regulates,,,,9606.0,BTO:0006001,,,,,,,,39580518,t,,Marta Tosoni,"Mechanistically, GNAO1 recruited TRIM21 and facilitated TRIM21-mediated ubiquitination.",SIGNOR-278888,1.0
CREB1,protein,P16220,UNIPROT,BDNF,protein,P23560,UNIPROT,up-regulates quantity,transcriptional regulation,,,9606.0,,BTO:0000142,,,,,,,32603820,t,,miannu,Brain-derived neurotrophic factor (BDNF) is a critical molecule for learning and memory. Brain BDNF levels correlate with cognitive status. Activation of CREB facilitates the transcription of crucial proteins for activity-dependent plasticity particularly BDNF.,SIGNOR-265062,19.0
SLBP,protein,Q14493,UNIPROT,H2AB1,protein,P0C5Y9,UNIPROT,up-regulates quantity by expression,translation regulation,,,9606.0,BTO:0001938,,,,,,,,19155325,t,,lperfetto,"Synthesis of mature histone mRNA requires only a single processing reaction: an endonucleolytic cleavage between a conserved stem-loop and a purine-rich downstream element to form the 3' end. The stem-loop binding protein (SLBP) is required for processing, and following processing, histone mRNA is transported to the cytoplasm, where SLBP participates in translation of the histone mRNA|We used radiolabeled probes generated by PCR targeting the open reading frame (ORF) to detect histones H2A, H2B, H3, H4, and H1 and used 7SK snRNA as a loading control (Fig. 2A). The abundance of histone H2A, H2B, H3, and H4 mRNAs is reduced to 37% to 70% of control levels in the SLBP knockdown cells when compared to the C2 control.",SIGNOR-265411,1.0
SMO,protein,Q99835,UNIPROT,GNAT1,protein,P11488,UNIPROT,up-regulates,binding,,,9606.0,,,,,,,,,23074268,t,,gcesareni,"Consistent with its predicted topology, smo couples to a specific family of inhibitory g protein (gis) to regulate hh signaling.",SIGNOR-199168,2.0
ATR,protein,Q13535,UNIPROT,CHEK1,protein,O14757,UNIPROT,up-regulates,phosphorylation,Ser345,LVQGISFsQPTCPDH,9606.0,,,,,,,,,15775976,t,,gcesareni,"Atr activation typically leads to chk1 phosphorylation and activation. In response to genotoxic stress, chk1 is phosphorylated on serines 317 (s317) and 345 (s345) by the ataxia-telangiectasia-related (atr) protein kinase.",SIGNOR-134716,234.0
RPS6KA5,protein,O75582,UNIPROT,CREB1,protein,P16220,UNIPROT,up-regulates,phosphorylation,Ser119,EILSRRPsYRKILND,9606.0,BTO:0000567,,,,,,,,9687510,t,,lperfetto,"Msk1 is localized in the nucleus of unstimulated or stimulated cells, and phosphorylates creb at ser133_ .MSK1 Is activated in vitro by mapk2/erk2 or sapk2/p38. Endogenous msk1 is activated in 293 cells by either growth factor/phorbol ester stimulation, or by exposure to uv radiation, and oxidative and chemical stres msk was the kinase responsible for phosphorylation of the transcription factor creb in response to tcr stimulation. Pka, ca2+-calmodulin-dependent kinase iv (camkiv), msk, p70s6k and rsk phosphorylate creb.",SIGNOR-59458,26.0
CDK7,protein,P50613,UNIPROT,CDK2,protein,P24941,UNIPROT,up-regulates activity,phosphorylation,Thr160,GVPVRTYtHEVVTLW,-1.0,,,,,,,,,10085115,t,,llicata,Phosphorylation of monomeric human CDK2 by CAK1 is more efficient than phosphorylation of the binary CDK2-cyclin A complex. Phosphorylated CDK2 exhibits histone H1 kinase activity corresponding to approximately 0.3% of that observed with the fully activated phosphorylated CDK2-cyclin A complex. Fluorescence measurements have shown that Thr160 phosphorylation increases the affinity of CDK2 for both histone substrate and ATP and decreases its affinity for ADP.,SIGNOR-250768,49.0
RAF1,protein,P04049,UNIPROT,MAP2K1,protein,Q02750,UNIPROT,up-regulates activity,phosphorylation,Ser218,VSGQLIDsMANSFVG,9606.0,,,,,,,,,10359597,t,,lperfetto,"Among other effectors, active ras binds and activates the raf kinase, iniziating a kinase cascade involving serine phosporylation of mek1/2 (mapkk) and tyrosine and threonine phosphorylation of erk1/2 active raf phosphorylates mek phospholpeptide analysis demostrated that serine residues 218 and 222 of human mek1 are the primary sites for phosphorylation by c-raf.",SIGNOR-235987,90.0
PPP1R8,protein,Q12972,UNIPROT,PPP1CA,protein,P62136,UNIPROT,down-regulates activity,binding,,,-1.0,,,,,,,,,1322907,t,,,We have purified two of these nuclear inhibitors of PP-1 (NIPP-1a and NIPP-1b) until homogeneity.,SIGNOR-255657,19.0
DZIP3,protein,Q86Y13,UNIPROT,ATXN1,protein,P54253,UNIPROT,down-regulates quantity by destabilization,polyubiquitination,,,9606.0,BTO:0000567,,,,,,,,24326307,t,,miannu,"HOTAIR associates with E3 ubiquitin ligases bearing RNA-binding domains, Dzip3 and Mex3b, as well as with their respective ubiquitination substrates, Ataxin-1 and Snurportin-1. In this manner, HOTAIR facilitates the ubiquitination of Ataxin-1 by Dzip3 and Snurportin-1 by Mex3b in cells and in vitro, and accelerates their degradation.",SIGNOR-272078,3.0
BCL2L11,protein,O43521,UNIPROT,BCL2L1,protein,Q07817,UNIPROT,down-regulates activity,binding,,,9606.0,BTO:0000007,,,,,,,,18498746,t,,lperfetto,"Bim can induce apoptosis by interacting with anti-apoptotic members of the bcl2 family, including bcl2, bcl-xl and mcl-1.Bim binds bcl-2, bcl2l1, bcl2l2, mcl1 and a1 tightly.",SIGNOR-178679,28.0
AKT1,protein,P31749,UNIPROT,GSK3A,protein,P49840,UNIPROT,down-regulates,phosphorylation,Ser21,SGRARTSsFAEPGGG,9606.0,,,,,,,,,11035810,t,,gcesareni,"In response to insulin, gsk3a inhibited by phosphorylation at ser-21 by pkb/akt1;phosphorylation at this site causes a conformational change, preventing access of substrates to the active site.",SIGNOR-252589,96.0
KRAS,protein,P01116,UNIPROT,RAF1,protein,P04049,UNIPROT,up-regulates,binding,,,9606.0,,,,,,,,,16293107,t,,gcesareni,"Among other effectors, active ras binds and activates the raf kinase, iniziating a kinase cascade involving serine phosporylation of mek1/2 (mapkk) and tyrosine and threonine phosphorylation of erk1/2. the raf family of proteins (raf-1, a-raf, and b-raf) is serine/threonine kinases that bind to the effector region of ras-gtp, thus inducing translocation of the protein to the plasma membrane. Once there, raf proteins are activated and phosphorylated by different protein kinases.. Association of ras with the mapk kinase kinase, raf, initiates the raf mek erk map kinase cascade.",SIGNOR-141641,48.0
TP53,protein,P04637,UNIPROT,BCL2L1,protein,Q07817,UNIPROT,down-regulates activity,binding,,,9606,BTO:0002552,,,,,,,,16455050,t,,lperfetto,"It has been shown that tp53 can directly bind bcl2, and consequently inhibit their anti-apoptotic activities. From our co-expression study we demonstrated that the tp53ntd binds to bcl2l1.",SIGNOR-144163,Oct2018_release
FER,protein,P16591,UNIPROT,CTTN,protein,Q14247,UNIPROT,up-regulates activity,phosphorylation,Tyr421,RLPSSPVyEDAASFK,10029.0,BTO:0000246,,,,,,,,10921917,t,,,"FER kinase was implicated in the direct phosphorylation of cortactin. tyrosine residues (421, 466, and 482) were required for the hypertonicity-induced responses that were predominantly targeted upon FER overexpression.",SIGNOR-251132,Oct2020_release
HCK,protein,P08631,UNIPROT,BCR,protein,P11274,UNIPROT,up-regulates activity,phosphorylation,Tyr177,ADAEKPFyVNVEFHH,9534.0,BTO:0000298,,,,,,,,9407116,t,,,"Hck (and Lyn) kinase might cooperate in phosphorylating a binding site for Grb2, Tyr177, in Bcr.",SIGNOR-251261,Oct2020_release
MAP2K1,protein,Q02750,UNIPROT,PPARG,protein,P37231,UNIPROT,down-regulates activity,phosphorylation,Ser112,AIKVEPAsPPYYSEK,9606.0,,,,,,,,,18596912,t,,lperfetto,"In conclusion, PPAR emerges as a tumor-type and tumor-stage-specific modulator that is regulated by at least three mechanisms through the ERK cascade. Downregulation is carried out through (1) MAPK-mediated Ser84/114 phosphorylation, (2) ERK cascade activation through PPAR ligands, and (3) cooperation of PPAR with tumor modulating proteins (such as MEK1)",SIGNOR-179390,Oct2020_release
MYC,protein,P01106,UNIPROT,BMI1,protein,P35226,UNIPROT,up-regulates quantity by expression,transcriptional regulation,,,9606.0,BTO:0000093,,,,,,,,23239878,t,,gcesareni,"DKK1 led to up-regulation of WNT target c-Myc, which in turn further led to transcriptional autoactivation of BMI1",SIGNOR-245347,Oct2021_release
CREB1,protein,P16220,UNIPROT,PCK1,protein,P35558,UNIPROT,up-regulates quantity,transcriptional regulation,,,9600.0,BTO:0000567,,,,,,,,26652733,t,,,These results reveal that CRTC2 plays an essential role in the regulation of hepatic gluconeogenesis through coordinated regulation of the glucocorticoid/GR- and glucagon/CREB-signaling pathways on the key genes G6P and PEPCK.,SIGNOR-256108,Oct2021_release
CHUK,protein,O15111,UNIPROT,H3-3A,protein,P84243,UNIPROT,up-regulates,phosphorylation,Ser11,TKQTARKsTGGKAPR,9606.0,,,,,,,,,12588998,t,,gcesareni,Cascade of distinct histone modifications during collagenase gene activation.,SIGNOR-98365,Oct2022_release